日付,勘定科目,補助科目,借方金額,貸方金額,摘要,部門
2023/04/01,売上高,,0,11654314,4月売上計上,営業部
2023/04/01,売掛金,,11654314,0,4月売上計上,営業部
2023/04/24,普通預金,,10191571,0,売掛金回収,
2023/04/24,売掛金,,0,10191571,売掛金回収,
2023/04/02,仕入高,,6572494,0,4月仕入,
2023/04/02,買掛金,,0,6572494,4月仕入,
2023/04/25,買掛金,,5840146,0,買掛金支払,
2023/04/25,普通預金,,0,5840146,買掛金支払,
2023/04/25,役員報酬,,800000,0,役員報酬支払,管理部
2023/04/25,普通預金,,0,800000,役員報酬支払,
2023/04/25,給料手当,,1215622,0,給料手当支払,管理部
2023/04/25,普通預金,,0,1215622,給料手当支払,
2023/04/25,法定福利費,,262280,0,法定福利費支払,管理部
2023/04/25,普通預金,,0,262280,法定福利費支払,
2023/04/25,福利厚生費,,44328,0,福利厚生費支払,管理部
2023/04/25,普通預金,,0,44328,福利厚生費支払,
2023/04/25,地代家賃,,350000,0,地代家賃支払,管理部
2023/04/25,普通預金,,0,350000,地代家賃支払,
2023/04/25,水道光熱費,,55247,0,水道光熱費支払,管理部
2023/04/25,普通預金,,0,55247,水道光熱費支払,
2023/04/25,通信費,,46559,0,通信費支払,管理部
2023/04/25,普通預金,,0,46559,通信費支払,
2023/04/25,消耗品費,,59453,0,消耗品費支払,管理部
2023/04/25,普通預金,,0,59453,消耗品費支払,
2023/04/25,旅費交通費,,31739,0,旅費交通費支払,管理部
2023/04/25,普通預金,,0,31739,旅費交通費支払,
2023/04/25,接待交際費,,56781,0,接待交際費支払,管理部
2023/04/25,普通預金,,0,56781,接待交際費支払,
2023/04/25,支払手数料,,21515,0,支払手数料支払,管理部
2023/04/25,普通預金,,0,21515,支払手数料支払,
2023/04/25,保険料,,25000,0,保険料支払,管理部
2023/04/25,普通預金,,0,25000,保険料支払,
2023/04/25,減価償却費,,120000,0,減価償却費支払,管理部
2023/04/25,普通預金,,0,120000,減価償却費支払,
2023/04/25,租税公課,,27856,0,租税公課支払,管理部
2023/04/25,普通預金,,0,27856,租税公課支払,
2023/04/25,広告宣伝費,,104987,0,広告宣伝費支払,管理部
2023/04/25,普通預金,,0,104987,広告宣伝費支払,
2023/04/25,荷造運賃,,37223,0,荷造運賃支払,管理部
2023/04/25,普通預金,,0,37223,荷造運賃支払,
2023/04/25,雑費,,12359,0,雑費支払,管理部
2023/04/25,普通預金,,0,12359,雑費支払,
2023/04/27,支払利息,,50000,0,借入金利息,
2023/04/27,普通預金,,0,50000,借入金利息,
2023/04/20,長期借入金,,200000,0,長期借入金返済,
2023/04/20,普通預金,,0,200000,長期借入金返済,
2023/04/01,普通預金,,15000000,0,長期借入金実行,
2023/04/01,長期借入金,,0,15000000,長期借入金実行,
2023/05/02,売上高,,0,12496910,5月売上計上,営業部
2023/05/02,売掛金,,12496910,0,5月売上計上,営業部
2023/05/26,普通預金,,11047581,0,売掛金回収,
2023/05/26,売掛金,,0,11047581,売掛金回収,
2023/05/06,仕入高,,7067601,0,5月仕入,
2023/05/06,買掛金,,0,7067601,5月仕入,
2023/05/25,買掛金,,5752404,0,買掛金支払,
2023/05/25,普通預金,,0,5752404,買掛金支払,
2023/05/25,役員報酬,,800000,0,役員報酬支払,管理部
2023/05/25,普通預金,,0,800000,役員報酬支払,
2023/05/25,給料手当,,1388208,0,給料手当支払,管理部
2023/05/25,普通預金,,0,1388208,給料手当支払,
2023/05/25,法定福利費,,295082,0,法定福利費支払,管理部
2023/05/25,普通預金,,0,295082,法定福利費支払,
2023/05/25,福利厚生費,,69565,0,福利厚生費支払,管理部
2023/05/25,普通預金,,0,69565,福利厚生費支払,
2023/05/25,地代家賃,,350000,0,地代家賃支払,管理部
2023/05/25,普通預金,,0,350000,地代家賃支払,
2023/05/25,水道光熱費,,57335,0,水道光熱費支払,管理部
2023/05/25,普通預金,,0,57335,水道光熱費支払,
2023/05/25,通信費,,31423,0,通信費支払,管理部
2023/05/25,普通預金,,0,31423,通信費支払,
2023/05/25,消耗品費,,50108,0,消耗品費支払,管理部
2023/05/25,普通預金,,0,50108,消耗品費支払,
2023/05/25,旅費交通費,,65142,0,旅費交通費支払,管理部
2023/05/25,普通預金,,0,65142,旅費交通費支払,
2023/05/25,接待交際費,,28180,0,接待交際費支払,管理部
2023/05/25,普通預金,,0,28180,接待交際費支払,
2023/05/25,支払手数料,,27403,0,支払手数料支払,管理部
2023/05/25,普通預金,,0,27403,支払手数料支払,
2023/05/25,保険料,,25000,0,保険料支払,管理部
2023/05/25,普通預金,,0,25000,保険料支払,
2023/05/25,減価償却費,,120000,0,減価償却費支払,管理部
2023/05/25,普通預金,,0,120000,減価償却費支払,
2023/05/25,租税公課,,12582,0,租税公課支払,管理部
2023/05/25,普通預金,,0,12582,租税公課支払,
2023/05/25,広告宣伝費,,122357,0,広告宣伝費支払,管理部
2023/05/25,普通預金,,0,122357,広告宣伝費支払,
2023/05/25,荷造運賃,,39606,0,荷造運賃支払,管理部
2023/05/25,普通預金,,0,39606,荷造運賃支払,
2023/05/25,雑費,,18588,0,雑費支払,管理部
2023/05/25,普通預金,,0,18588,雑費支払,
2023/05/27,支払利息,,50000,0,借入金利息,
2023/05/27,普通預金,,0,50000,借入金利息,
2023/05/24,長期借入金,,200000,0,長期借入金返済,
2023/05/24,普通預金,,0,200000,長期借入金返済,
2023/06/01,売上高,,0,10268274,6月売上計上,営業部
2023/06/01,売掛金,,10268274,0,6月売上計上,営業部
2023/06/20,普通預金,,9407036,0,売掛金回収,
2023/06/20,売掛金,,0,9407036,売掛金回収,
2023/06/02,仕入高,,6441358,0,6月仕入,
2023/06/02,買掛金,,0,6441358,6月仕入,
2023/06/26,買掛金,,5990286,0,買掛金支払,
2023/06/26,普通預金,,0,5990286,買掛金支払,
2023/06/28,役員報酬,,800000,0,役員報酬支払,管理部
2023/06/28,普通預金,,0,800000,役員報酬支払,
2023/06/28,給料手当,,1345738,0,給料手当支払,管理部
2023/06/28,普通預金,,0,1345738,給料手当支払,
2023/06/28,法定福利費,,309429,0,法定福利費支払,管理部
2023/06/28,普通預金,,0,309429,法定福利費支払,
2023/06/28,福利厚生費,,71660,0,福利厚生費支払,管理部
2023/06/28,普通預金,,0,71660,福利厚生費支払,
2023/06/28,地代家賃,,350000,0,地代家賃支払,管理部
2023/06/28,普通預金,,0,350000,地代家賃支払,
2023/06/28,水道光熱費,,63909,0,水道光熱費支払,管理部
2023/06/28,普通預金,,0,63909,水道光熱費支払,
2023/06/28,通信費,,35329,0,通信費支払,管理部
2023/06/28,普通預金,,0,35329,通信費支払,
2023/06/28,消耗品費,,44260,0,消耗品費支払,管理部
2023/06/28,普通預金,,0,44260,消耗品費支払,
2023/06/28,旅費交通費,,53283,0,旅費交通費支払,管理部
2023/06/28,普通預金,,0,53283,旅費交通費支払,
2023/06/28,接待交際費,,33730,0,接待交際費支払,管理部
2023/06/28,普通預金,,0,33730,接待交際費支払,
2023/06/28,支払手数料,,36960,0,支払手数料支払,管理部
2023/06/28,普通預金,,0,36960,支払手数料支払,
2023/06/28,保険料,,25000,0,保険料支払,管理部
2023/06/28,普通預金,,0,25000,保険料支払,
2023/06/28,減価償却費,,120000,0,減価償却費支払,管理部
2023/06/28,普通預金,,0,120000,減価償却費支払,
2023/06/28,租税公課,,18748,0,租税公課支払,管理部
2023/06/28,普通預金,,0,18748,租税公課支払,
2023/06/28,広告宣伝費,,141988,0,広告宣伝費支払,管理部
2023/06/28,普通預金,,0,141988,広告宣伝費支払,
2023/06/28,荷造運賃,,52398,0,荷造運賃支払,管理部
2023/06/28,普通預金,,0,52398,荷造運賃支払,
2023/06/28,雑費,,15617,0,雑費支払,管理部
2023/06/28,普通預金,,0,15617,雑費支払,
2023/06/25,支払利息,,50000,0,借入金利息,
2023/06/25,普通預金,,0,50000,借入金利息,
2023/06/24,長期借入金,,200000,0,長期借入金返済,
2023/06/24,普通預金,,0,200000,長期借入金返済,
2023/07/05,売上高,,0,10420284,7月売上計上,営業部
2023/07/05,売掛金,,10420284,0,7月売上計上,営業部
2023/07/23,普通預金,,9027511,0,売掛金回収,
2023/07/23,売掛金,,0,9027511,売掛金回収,
2023/07/09,仕入高,,6126559,0,7月仕入,
2023/07/09,買掛金,,0,6126559,7月仕入,
2023/07/26,買掛金,,5530396,0,買掛金支払,
2023/07/26,普通預金,,0,5530396,買掛金支払,
2023/07/25,役員報酬,,800000,0,役員報酬支払,管理部
2023/07/25,普通預金,,0,800000,役員報酬支払,
2023/07/25,給料手当,,1320087,0,給料手当支払,管理部
2023/07/25,普通預金,,0,1320087,給料手当支払,
2023/07/25,法定福利費,,254207,0,法定福利費支払,管理部
2023/07/25,普通預金,,0,254207,法定福利費支払,
2023/07/25,福利厚生費,,50673,0,福利厚生費支払,管理部
2023/07/25,普通預金,,0,50673,福利厚生費支払,
2023/07/25,地代家賃,,350000,0,地代家賃支払,管理部
2023/07/25,普通預金,,0,350000,地代家賃支払,
2023/07/25,水道光熱費,,66290,0,水道光熱費支払,管理部
2023/07/25,普通預金,,0,66290,水道光熱費支払,
2023/07/25,通信費,,38773,0,通信費支払,管理部
2023/07/25,普通預金,,0,38773,通信費支払,
2023/07/25,消耗品費,,24337,0,消耗品費支払,管理部
2023/07/25,普通預金,,0,24337,消耗品費支払,
2023/07/25,旅費交通費,,43826,0,旅費交通費支払,管理部
2023/07/25,普通預金,,0,43826,旅費交通費支払,
2023/07/25,接待交際費,,57170,0,接待交際費支払,管理部
2023/07/25,普通預金,,0,57170,接待交際費支払,
2023/07/25,支払手数料,,38524,0,支払手数料支払,管理部
2023/07/25,普通預金,,0,38524,支払手数料支払,
2023/07/25,保険料,,25000,0,保険料支払,管理部
2023/07/25,普通預金,,0,25000,保険料支払,
2023/07/25,減価償却費,,120000,0,減価償却費支払,管理部
2023/07/25,普通預金,,0,120000,減価償却費支払,
2023/07/25,租税公課,,20311,0,租税公課支払,管理部
2023/07/25,普通預金,,0,20311,租税公課支払,
2023/07/25,広告宣伝費,,77869,0,広告宣伝費支払,管理部
2023/07/25,普通預金,,0,77869,広告宣伝費支払,
2023/07/25,荷造運賃,,51477,0,荷造運賃支払,管理部
2023/07/25,普通預金,,0,51477,荷造運賃支払,
2023/07/25,雑費,,13179,0,雑費支払,管理部
2023/07/25,普通預金,,0,13179,雑費支払,
2023/07/28,支払利息,,50000,0,借入金利息,
2023/07/28,普通預金,,0,50000,借入金利息,
2023/07/25,長期借入金,,200000,0,長期借入金返済,
2023/07/25,普通預金,,0,200000,長期借入金返済,
2023/08/03,売上高,,0,9536796,8月売上計上,営業部
2023/08/03,売掛金,,9536796,0,8月売上計上,営業部
2023/08/22,普通預金,,8341480,0,売掛金回収,
2023/08/22,売掛金,,0,8341480,売掛金回収,
2023/08/05,仕入高,,5780603,0,8月仕入,
2023/08/05,買掛金,,0,5780603,8月仕入,
2023/08/28,買掛金,,5402976,0,買掛金支払,
2023/08/28,普通預金,,0,5402976,買掛金支払,
2023/08/28,役員報酬,,800000,0,役員報酬支払,管理部
2023/08/28,普通預金,,0,800000,役員報酬支払,
2023/08/28,給料手当,,1389790,0,給料手当支払,管理部
2023/08/28,普通預金,,0,1389790,給料手当支払,
2023/08/28,法定福利費,,278746,0,法定福利費支払,管理部
2023/08/28,普通預金,,0,278746,法定福利費支払,
2023/08/28,福利厚生費,,39065,0,福利厚生費支払,管理部
2023/08/28,普通預金,,0,39065,福利厚生費支払,
2023/08/28,地代家賃,,350000,0,地代家賃支払,管理部
2023/08/28,普通預金,,0,350000,地代家賃支払,
2023/08/28,水道光熱費,,73392,0,水道光熱費支払,管理部
2023/08/28,普通預金,,0,73392,水道光熱費支払,
2023/08/28,通信費,,46171,0,通信費支払,管理部
2023/08/28,普通預金,,0,46171,通信費支払,
2023/08/28,消耗品費,,25957,0,消耗品費支払,管理部
2023/08/28,普通預金,,0,25957,消耗品費支払,
2023/08/28,旅費交通費,,79530,0,旅費交通費支払,管理部
2023/08/28,普通預金,,0,79530,旅費交通費支払,
2023/08/28,接待交際費,,23087,0,接待交際費支払,管理部
2023/08/28,普通預金,,0,23087,接待交際費支払,
2023/08/28,支払手数料,,18592,0,支払手数料支払,管理部
2023/08/28,普通預金,,0,18592,支払手数料支払,
2023/08/28,保険料,,25000,0,保険料支払,管理部
2023/08/28,普通預金,,0,25000,保険料支払,
2023/08/28,減価償却費,,120000,0,減価償却費支払,管理部
2023/08/28,普通預金,,0,120000,減価償却費支払,
2023/08/28,租税公課,,15008,0,租税公課支払,管理部
2023/08/28,普通預金,,0,15008,租税公課支払,
2023/08/28,広告宣伝費,,132240,0,広告宣伝費支払,管理部
2023/08/28,普通預金,,0,132240,広告宣伝費支払,
2023/08/28,荷造運賃,,35242,0,荷造運賃支払,管理部
2023/08/28,普通預金,,0,35242,荷造運賃支払,
2023/08/28,雑費,,17977,0,雑費支払,管理部
2023/08/28,普通預金,,0,17977,雑費支払,
2023/08/28,支払利息,,50000,0,借入金利息,
2023/08/28,普通預金,,0,50000,借入金利息,
2023/08/24,長期借入金,,200000,0,長期借入金返済,
2023/08/24,普通預金,,0,200000,長期借入金返済,
2023/09/04,売上高,,0,10603874,9月売上計上,営業部
2023/09/04,売掛金,,10603874,0,9月売上計上,営業部
2023/09/27,普通預金,,9574359,0,売掛金回収,
2023/09/27,売掛金,,0,9574359,売掛金回収,
2023/09/01,仕入高,,6861849,0,9月仕入,
2023/09/01,買掛金,,0,6861849,9月仕入,
2023/09/25,買掛金,,6191148,0,買掛金支払,
2023/09/25,普通預金,,0,6191148,買掛金支払,
2023/09/27,役員報酬,,800000,0,役員報酬支払,管理部
2023/09/27,普通預金,,0,800000,役員報酬支払,
2023/09/27,給料手当,,1378349,0,給料手当支払,管理部
2023/09/27,普通預金,,0,1378349,給料手当支払,
2023/09/27,法定福利費,,264621,0,法定福利費支払,管理部
2023/09/27,普通預金,,0,264621,法定福利費支払,
2023/09/27,福利厚生費,,49234,0,福利厚生費支払,管理部
2023/09/27,普通預金,,0,49234,福利厚生費支払,
2023/09/27,地代家賃,,350000,0,地代家賃支払,管理部
2023/09/27,普通預金,,0,350000,地代家賃支払,
2023/09/27,水道光熱費,,68492,0,水道光熱費支払,管理部
2023/09/27,普通預金,,0,68492,水道光熱費支払,
2023/09/27,通信費,,35182,0,通信費支払,管理部
2023/09/27,普通預金,,0,35182,通信費支払,
2023/09/27,消耗品費,,49735,0,消耗品費支払,管理部
2023/09/27,普通預金,,0,49735,消耗品費支払,
2023/09/27,旅費交通費,,30212,0,旅費交通費支払,管理部
2023/09/27,普通預金,,0,30212,旅費交通費支払,
2023/09/27,接待交際費,,37261,0,接待交際費支払,管理部
2023/09/27,普通預金,,0,37261,接待交際費支払,
2023/09/27,支払手数料,,31403,0,支払手数料支払,管理部
2023/09/27,普通預金,,0,31403,支払手数料支払,
2023/09/27,保険料,,25000,0,保険料支払,管理部
2023/09/27,普通預金,,0,25000,保険料支払,
2023/09/27,減価償却費,,120000,0,減価償却費支払,管理部
2023/09/27,普通預金,,0,120000,減価償却費支払,
2023/09/27,租税公課,,15854,0,租税公課支払,管理部
2023/09/27,普通預金,,0,15854,租税公課支払,
2023/09/27,広告宣伝費,,116542,0,広告宣伝費支払,管理部
2023/09/27,普通預金,,0,116542,広告宣伝費支払,
2023/09/27,荷造運賃,,59904,0,荷造運賃支払,管理部
2023/09/27,普通預金,,0,59904,荷造運賃支払,
2023/09/27,雑費,,6743,0,雑費支払,管理部
2023/09/27,普通預金,,0,6743,雑費支払,
2023/09/27,支払利息,,50000,0,借入金利息,
2023/09/27,普通預金,,0,50000,借入金利息,
2023/09/25,長期借入金,,200000,0,長期借入金返済,
2023/09/25,普通預金,,0,200000,長期借入金返済,
2023/10/02,売上高,,0,12014712,10月売上計上,営業部
2023/10/02,売掛金,,12014712,0,10月売上計上,営業部
2023/10/22,普通預金,,10661751,0,売掛金回収,
2023/10/22,売掛金,,0,10661751,売掛金回収,
2023/10/09,仕入高,,6802188,0,10月仕入,
2023/10/09,買掛金,,0,6802188,10月仕入,
2023/10/25,買掛金,,6052870,0,買掛金支払,
2023/10/25,普通預金,,0,6052870,買掛金支払,
2023/10/28,役員報酬,,800000,0,役員報酬支払,管理部
2023/10/28,普通預金,,0,800000,役員報酬支払,
2023/10/28,給料手当,,1210211,0,給料手当支払,管理部
2023/10/28,普通預金,,0,1210211,給料手当支払,
2023/10/28,法定福利費,,264662,0,法定福利費支払,管理部
2023/10/28,普通預金,,0,264662,法定福利費支払,
2023/10/28,福利厚生費,,53788,0,福利厚生費支払,管理部
2023/10/28,普通預金,,0,53788,福利厚生費支払,
2023/10/28,地代家賃,,350000,0,地代家賃支払,管理部
2023/10/28,普通預金,,0,350000,地代家賃支払,
2023/10/28,水道光熱費,,60153,0,水道光熱費支払,管理部
2023/10/28,普通預金,,0,60153,水道光熱費支払,
2023/10/28,通信費,,37846,0,通信費支払,管理部
2023/10/28,普通預金,,0,37846,通信費支払,
2023/10/28,消耗品費,,23796,0,消耗品費支払,管理部
2023/10/28,普通預金,,0,23796,消耗品費支払,
2023/10/28,旅費交通費,,45785,0,旅費交通費支払,管理部
2023/10/28,普通預金,,0,45785,旅費交通費支払,
2023/10/28,接待交際費,,57182,0,接待交際費支払,管理部
2023/10/28,普通預金,,0,57182,接待交際費支払,
2023/10/28,支払手数料,,17580,0,支払手数料支払,管理部
2023/10/28,普通預金,,0,17580,支払手数料支払,
2023/10/28,保険料,,25000,0,保険料支払,管理部
2023/10/28,普通預金,,0,25000,保険料支払,
2023/10/28,減価償却費,,120000,0,減価償却費支払,管理部
2023/10/28,普通預金,,0,120000,減価償却費支払,
2023/10/28,租税公課,,12806,0,租税公課支払,管理部
2023/10/28,普通預金,,0,12806,租税公課支払,
2023/10/28,広告宣伝費,,145932,0,広告宣伝費支払,管理部
2023/10/28,普通預金,,0,145932,広告宣伝費支払,
2023/10/28,荷造運賃,,45924,0,荷造運賃支払,管理部
2023/10/28,普通預金,,0,45924,荷造運賃支払,
2023/10/28,雑費,,18369,0,雑費支払,管理部
2023/10/28,普通預金,,0,18369,雑費支払,
2023/10/25,支払利息,,50000,0,借入金利息,
2023/10/25,普通預金,,0,50000,借入金利息,
2023/10/24,長期借入金,,200000,0,長期借入金返済,
2023/10/24,普通預金,,0,200000,長期借入金返済,
2023/11/02,売上高,,0,13135922,11月売上計上,営業部
2023/11/02,売掛金,,13135922,0,11月売上計上,営業部
2023/11/27,普通預金,,12409306,0,売掛金回収,
2023/11/27,売掛金,,0,12409306,売掛金回収,
2023/11/09,仕入高,,7441666,0,11月仕入,
2023/11/09,買掛金,,0,7441666,11月仕入,
2023/11/28,買掛金,,7029802,0,買掛金支払,
2023/11/28,普通預金,,0,7029802,買掛金支払,
2023/11/26,役員報酬,,800000,0,役員報酬支払,管理部
2023/11/26,普通預金,,0,800000,役員報酬支払,
2023/11/26,給料手当,,1363429,0,給料手当支払,管理部
2023/11/26,普通預金,,0,1363429,給料手当支払,
2023/11/26,法定福利費,,302296,0,法定福利費支払,管理部
2023/11/26,普通預金,,0,302296,法定福利費支払,
2023/11/26,福利厚生費,,74019,0,福利厚生費支払,管理部
2023/11/26,普通預金,,0,74019,福利厚生費支払,
2023/11/26,地代家賃,,350000,0,地代家賃支払,管理部
2023/11/26,普通預金,,0,350000,地代家賃支払,
2023/11/26,水道光熱費,,64472,0,水道光熱費支払,管理部
2023/11/26,普通預金,,0,64472,水道光熱費支払,
2023/11/26,通信費,,44355,0,通信費支払,管理部
2023/11/26,普通預金,,0,44355,通信費支払,
2023/11/26,消耗品費,,53919,0,消耗品費支払,管理部
2023/11/26,普通預金,,0,53919,消耗品費支払,
2023/11/26,旅費交通費,,59588,0,旅費交通費支払,管理部
2023/11/26,普通預金,,0,59588,旅費交通費支払,
2023/11/26,接待交際費,,27930,0,接待交際費支払,管理部
2023/11/26,普通預金,,0,27930,接待交際費支払,
2023/11/26,支払手数料,,23123,0,支払手数料支払,管理部
2023/11/26,普通預金,,0,23123,支払手数料支払,
2023/11/26,保険料,,25000,0,保険料支払,管理部
2023/11/26,普通預金,,0,25000,保険料支払,
2023/11/26,減価償却費,,120000,0,減価償却費支払,管理部
2023/11/26,普通預金,,0,120000,減価償却費支払,
2023/11/26,租税公課,,17362,0,租税公課支払,管理部
2023/11/26,普通預金,,0,17362,租税公課支払,
2023/11/26,広告宣伝費,,58392,0,広告宣伝費支払,管理部
2023/11/26,普通預金,,0,58392,広告宣伝費支払,
2023/11/26,荷造運賃,,41078,0,荷造運賃支払,管理部
2023/11/26,普通預金,,0,41078,荷造運賃支払,
2023/11/26,雑費,,5344,0,雑費支払,管理部
2023/11/26,普通預金,,0,5344,雑費支払,
2023/11/26,支払利息,,50000,0,借入金利息,
2023/11/26,普通預金,,0,50000,借入金利息,
2023/11/24,長期借入金,,200000,0,長期借入金返済,
2023/11/24,普通預金,,0,200000,長期借入金返済,
2023/12/01,売上高,,0,12609099,12月売上計上,営業部
2023/12/01,売掛金,,12609099,0,12月売上計上,営業部
2023/12/20,普通預金,,11006409,0,売掛金回収,
2023/12/20,売掛金,,0,11006409,売掛金回収,
2023/12/06,仕入高,,8076657,0,12月仕入,
2023/12/06,買掛金,,0,8076657,12月仕入,
2023/12/25,買掛金,,7084224,0,買掛金支払,
2023/12/25,普通預金,,0,7084224,買掛金支払,
2023/12/27,役員報酬,,800000,0,役員報酬支払,管理部
2023/12/27,普通預金,,0,800000,役員報酬支払,
2023/12/27,給料手当,,1454496,0,給料手当支払,管理部
2023/12/27,普通預金,,0,1454496,給料手当支払,
2023/12/27,法定福利費,,278080,0,法定福利費支払,管理部
2023/12/27,普通預金,,0,278080,法定福利費支払,
2023/12/27,福利厚生費,,65339,0,福利厚生費支払,管理部
2023/12/27,普通預金,,0,65339,福利厚生費支払,
2023/12/27,地代家賃,,350000,0,地代家賃支払,管理部
2023/12/27,普通預金,,0,350000,地代家賃支払,
2023/12/27,水道光熱費,,48671,0,水道光熱費支払,管理部
2023/12/27,普通預金,,0,48671,水道光熱費支払,
2023/12/27,通信費,,48711,0,通信費支払,管理部
2023/12/27,普通預金,,0,48711,通信費支払,
2023/12/27,消耗品費,,57762,0,消耗品費支払,管理部
2023/12/27,普通預金,,0,57762,消耗品費支払,
2023/12/27,旅費交通費,,60976,0,旅費交通費支払,管理部
2023/12/27,普通預金,,0,60976,旅費交通費支払,
2023/12/27,接待交際費,,35925,0,接待交際費支払,管理部
2023/12/27,普通預金,,0,35925,接待交際費支払,
2023/12/27,支払手数料,,30498,0,支払手数料支払,管理部
2023/12/27,普通預金,,0,30498,支払手数料支払,
2023/12/27,保険料,,25000,0,保険料支払,管理部
2023/12/27,普通預金,,0,25000,保険料支払,
2023/12/27,減価償却費,,120000,0,減価償却費支払,管理部
2023/12/27,普通預金,,0,120000,減価償却費支払,
2023/12/27,租税公課,,23338,0,租税公課支払,管理部
2023/12/27,普通預金,,0,23338,租税公課支払,
2023/12/27,広告宣伝費,,74957,0,広告宣伝費支払,管理部
2023/12/27,普通預金,,0,74957,広告宣伝費支払,
2023/12/27,荷造運賃,,33090,0,荷造運賃支払,管理部
2023/12/27,普通預金,,0,33090,荷造運賃支払,
2023/12/27,雑費,,6588,0,雑費支払,管理部
2023/12/27,普通預金,,0,6588,雑費支払,
2023/12/28,支払利息,,50000,0,借入金利息,
2023/12/28,普通預金,,0,50000,借入金利息,
2023/12/22,長期借入金,,200000,0,長期借入金返済,
2023/12/22,普通預金,,0,200000,長期借入金返済,
2024/01/04,売上高,,0,13631261,1月売上計上,営業部
2024/01/04,売掛金,,13631261,0,1月売上計上,営業部
2024/01/20,普通預金,,12504452,0,売掛金回収,
2024/01/20,売掛金,,0,12504452,売掛金回収,
2024/01/02,仕入高,,8838734,0,1月仕入,
2024/01/02,買掛金,,0,8838734,1月仕入,
2024/01/25,買掛金,,7604786,0,買掛金支払,
2024/01/25,普通預金,,0,7604786,買掛金支払,
2024/01/27,役員報酬,,800000,0,役員報酬支払,管理部
2024/01/27,普通預金,,0,800000,役員報酬支払,
2024/01/27,給料手当,,1257288,0,給料手当支払,管理部
2024/01/27,普通預金,,0,1257288,給料手当支払,
2024/01/27,法定福利費,,282591,0,法定福利費支払,管理部
2024/01/27,普通預金,,0,282591,法定福利費支払,
2024/01/27,福利厚生費,,42556,0,福利厚生費支払,管理部
2024/01/27,普通預金,,0,42556,福利厚生費支払,
2024/01/27,地代家賃,,350000,0,地代家賃支払,管理部
2024/01/27,普通預金,,0,350000,地代家賃支払,
2024/01/27,水道光熱費,,52465,0,水道光熱費支払,管理部
2024/01/27,普通預金,,0,52465,水道光熱費支払,
2024/01/27,通信費,,47573,0,通信費支払,管理部
2024/01/27,普通預金,,0,47573,通信費支払,
2024/01/27,消耗品費,,49400,0,消耗品費支払,管理部
2024/01/27,普通預金,,0,49400,消耗品費支払,
2024/01/27,旅費交通費,,39186,0,旅費交通費支払,管理部
2024/01/27,普通預金,,0,39186,旅費交通費支払,
2024/01/27,接待交際費,,47648,0,接待交際費支払,管理部
2024/01/27,普通預金,,0,47648,接待交際費支払,
2024/01/27,支払手数料,,21012,0,支払手数料支払,管理部
2024/01/27,普通預金,,0,21012,支払手数料支払,
2024/01/27,保険料,,25000,0,保険料支払,管理部
2024/01/27,普通預金,,0,25000,保険料支払,
2024/01/27,減価償却費,,120000,0,減価償却費支払,管理部
2024/01/27,普通預金,,0,120000,減価償却費支払,
2024/01/27,租税公課,,19127,0,租税公課支払,管理部
2024/01/27,普通預金,,0,19127,租税公課支払,
2024/01/27,広告宣伝費,,110637,0,広告宣伝費支払,管理部
2024/01/27,普通預金,,0,110637,広告宣伝費支払,
2024/01/27,荷造運賃,,38185,0,荷造運賃支払,管理部
2024/01/27,普通預金,,0,38185,荷造運賃支払,
2024/01/27,雑費,,19327,0,雑費支払,管理部
2024/01/27,普通預金,,0,19327,雑費支払,
2024/01/25,支払利息,,47500,0,借入金利息,
2024/01/25,普通預金,,0,47500,借入金利息,
2024/01/23,長期借入金,,200000,0,長期借入金返済,
2024/01/23,普通預金,,0,200000,長期借入金返済,
2024/02/05,売上高,,0,15109683,2月売上計上,営業部
2024/02/05,売掛金,,15109683,0,2月売上計上,営業部
2024/02/21,普通預金,,12919667,0,売掛金回収,
2024/02/21,売掛金,,0,12919667,売掛金回収,
2024/02/01,仕入高,,9820209,0,2月仕入,
2024/02/01,買掛金,,0,9820209,2月仕入,
2024/02/25,買掛金,,9220734,0,買掛金支払,
2024/02/25,普通預金,,0,9220734,買掛金支払,
2024/02/26,役員報酬,,800000,0,役員報酬支払,管理部
2024/02/26,普通預金,,0,800000,役員報酬支払,
2024/02/26,給料手当,,1287194,0,給料手当支払,管理部
2024/02/26,普通預金,,0,1287194,給料手当支払,
2024/02/26,法定福利費,,303269,0,法定福利費支払,管理部
2024/02/26,普通預金,,0,303269,法定福利費支払,
2024/02/26,福利厚生費,,61826,0,福利厚生費支払,管理部
2024/02/26,普通預金,,0,61826,福利厚生費支払,
2024/02/26,地代家賃,,350000,0,地代家賃支払,管理部
2024/02/26,普通預金,,0,350000,地代家賃支払,
2024/02/26,水道光熱費,,71546,0,水道光熱費支払,管理部
2024/02/26,普通預金,,0,71546,水道光熱費支払,
2024/02/26,通信費,,37004,0,通信費支払,管理部
2024/02/26,普通預金,,0,37004,通信費支払,
2024/02/26,消耗品費,,46282,0,消耗品費支払,管理部
2024/02/26,普通預金,,0,46282,消耗品費支払,
2024/02/26,旅費交通費,,33842,0,旅費交通費支払,管理部
2024/02/26,普通預金,,0,33842,旅費交通費支払,
2024/02/26,接待交際費,,30789,0,接待交際費支払,管理部
2024/02/26,普通預金,,0,30789,接待交際費支払,
2024/02/26,支払手数料,,27418,0,支払手数料支払,管理部
2024/02/26,普通預金,,0,27418,支払手数料支払,
2024/02/26,保険料,,25000,0,保険料支払,管理部
2024/02/26,普通預金,,0,25000,保険料支払,
2024/02/26,減価償却費,,120000,0,減価償却費支払,管理部
2024/02/26,普通預金,,0,120000,減価償却費支払,
2024/02/26,租税公課,,10070,0,租税公課支払,管理部
2024/02/26,普通預金,,0,10070,租税公課支払,
2024/02/26,広告宣伝費,,101173,0,広告宣伝費支払,管理部
2024/02/26,普通預金,,0,101173,広告宣伝費支払,
2024/02/26,荷造運賃,,38690,0,荷造運賃支払,管理部
2024/02/26,普通預金,,0,38690,荷造運賃支払,
2024/02/26,雑費,,17846,0,雑費支払,管理部
2024/02/26,普通預金,,0,17846,雑費支払,
2024/02/28,支払利息,,47500,0,借入金利息,
2024/02/28,普通預金,,0,47500,借入金利息,
2024/02/22,長期借入金,,200000,0,長期借入金返済,
2024/02/22,普通預金,,0,200000,長期借入金返済,
2024/03/05,売上高,,0,14815217,3月売上計上,営業部
2024/03/05,売掛金,,14815217,0,3月売上計上,営業部
2024/03/27,普通預金,,12822269,0,売掛金回収,
2024/03/27,売掛金,,0,12822269,売掛金回収,
2024/03/01,仕入高,,8587948,0,3月仕入,
2024/03/01,買掛金,,0,8587948,3月仕入,
2024/03/25,買掛金,,7833894,0,買掛金支払,
2024/03/25,普通預金,,0,7833894,買掛金支払,
2024/03/25,役員報酬,,800000,0,役員報酬支払,管理部
2024/03/25,普通預金,,0,800000,役員報酬支払,
2024/03/25,給料手当,,1226289,0,給料手当支払,管理部
2024/03/25,普通預金,,0,1226289,給料手当支払,
2024/03/25,法定福利費,,326569,0,法定福利費支払,管理部
2024/03/25,普通預金,,0,326569,法定福利費支払,
2024/03/25,福利厚生費,,61246,0,福利厚生費支払,管理部
2024/03/25,普通預金,,0,61246,福利厚生費支払,
2024/03/25,地代家賃,,350000,0,地代家賃支払,管理部
2024/03/25,普通預金,,0,350000,地代家賃支払,
2024/03/25,水道光熱費,,72954,0,水道光熱費支払,管理部
2024/03/25,普通預金,,0,72954,水道光熱費支払,
2024/03/25,通信費,,47403,0,通信費支払,管理部
2024/03/25,普通預金,,0,47403,通信費支払,
2024/03/25,消耗品費,,30317,0,消耗品費支払,管理部
2024/03/25,普通預金,,0,30317,消耗品費支払,
2024/03/25,旅費交通費,,33727,0,旅費交通費支払,管理部
2024/03/25,普通預金,,0,33727,旅費交通費支払,
2024/03/25,接待交際費,,53281,0,接待交際費支払,管理部
2024/03/25,普通預金,,0,53281,接待交際費支払,
2024/03/25,支払手数料,,17625,0,支払手数料支払,管理部
2024/03/25,普通預金,,0,17625,支払手数料支払,
2024/03/25,保険料,,25000,0,保険料支払,管理部
2024/03/25,普通預金,,0,25000,保険料支払,
2024/03/25,減価償却費,,120000,0,減価償却費支払,管理部
2024/03/25,普通預金,,0,120000,減価償却費支払,
2024/03/25,租税公課,,16089,0,租税公課支払,管理部
2024/03/25,普通預金,,0,16089,租税公課支払,
2024/03/25,広告宣伝費,,58981,0,広告宣伝費支払,管理部
2024/03/25,普通預金,,0,58981,広告宣伝費支払,
2024/03/25,荷造運賃,,49498,0,荷造運賃支払,管理部
2024/03/25,普通預金,,0,49498,荷造運賃支払,
2024/03/25,雑費,,6113,0,雑費支払,管理部
2024/03/25,普通預金,,0,6113,雑費支払,
2024/03/26,支払利息,,47500,0,借入金利息,
2024/03/26,普通預金,,0,47500,借入金利息,
2024/03/23,長期借入金,,200000,0,長期借入金返済,
2024/03/23,普通預金,,0,200000,長期借入金返済,
2024/03/28,法人税等,,1185217,0,法人税等計上,
2024/03/28,未払法人税等,,0,1185217,法人税等計上,
2024/04/01,売上高,,0,12467464,4月売上計上,営業部
2024/04/01,売掛金,,12467464,0,4月売上計上,営業部
2024/04/21,普通預金,,11120011,0,売掛金回収,
2024/04/21,売掛金,,0,11120011,売掛金回収,
2024/04/09,仕入高,,7584796,0,4月仕入,
2024/04/09,買掛金,,0,7584796,4月仕入,
2024/04/27,買掛金,,7131270,0,買掛金支払,
2024/04/27,普通預金,,0,7131270,買掛金支払,
2024/04/26,役員報酬,,800000,0,役員報酬支払,管理部
2024/04/26,普通預金,,0,800000,役員報酬支払,
2024/04/26,給料手当,,1473899,0,給料手当支払,管理部
2024/04/26,普通預金,,0,1473899,給料手当支払,
2024/04/26,法定福利費,,303787,0,法定福利費支払,管理部
2024/04/26,普通預金,,0,303787,法定福利費支払,
2024/04/26,福利厚生費,,47407,0,福利厚生費支払,管理部
2024/04/26,普通預金,,0,47407,福利厚生費支払,
2024/04/26,地代家賃,,350000,0,地代家賃支払,管理部
2024/04/26,普通預金,,0,350000,地代家賃支払,
2024/04/26,水道光熱費,,65938,0,水道光熱費支払,管理部
2024/04/26,普通預金,,0,65938,水道光熱費支払,
2024/04/26,通信費,,34288,0,通信費支払,管理部
2024/04/26,普通預金,,0,34288,通信費支払,
2024/04/26,消耗品費,,39660,0,消耗品費支払,管理部
2024/04/26,普通預金,,0,39660,消耗品費支払,
2024/04/26,旅費交通費,,59964,0,旅費交通費支払,管理部
2024/04/26,普通預金,,0,59964,旅費交通費支払,
2024/04/26,接待交際費,,40720,0,接待交際費支払,管理部
2024/04/26,普通預金,,0,40720,接待交際費支払,
2024/04/26,支払手数料,,39637,0,支払手数料支払,管理部
2024/04/26,普通預金,,0,39637,支払手数料支払,
2024/04/26,保険料,,25000,0,保険料支払,管理部
2024/04/26,普通預金,,0,25000,保険料支払,
2024/04/26,減価償却費,,120000,0,減価償却費支払,管理部
2024/04/26,普通預金,,0,120000,減価償却費支払,
2024/04/26,租税公課,,12377,0,租税公課支払,管理部
2024/04/26,普通預金,,0,12377,租税公課支払,
2024/04/26,広告宣伝費,,55317,0,広告宣伝費支払,管理部
2024/04/26,普通預金,,0,55317,広告宣伝費支払,
2024/04/26,荷造運賃,,45017,0,荷造運賃支払,管理部
2024/04/26,普通預金,,0,45017,荷造運賃支払,
2024/04/26,雑費,,15177,0,雑費支払,管理部
2024/04/26,普通預金,,0,15177,雑費支払,
2024/04/25,支払利息,,47500,0,借入金利息,
2024/04/25,普通預金,,0,47500,借入金利息,
2024/04/20,長期借入金,,200000,0,長期借入金返済,
2024/04/20,普通預金,,0,200000,長期借入金返済,
2024/05/05,売上高,,0,13038038,5月売上計上,営業部
2024/05/05,売掛金,,13038038,0,5月売上計上,営業部
2024/05/24,普通預金,,11255029,0,売掛金回収,
2024/05/24,売掛金,,0,11255029,売掛金回収,
2024/05/02,仕入高,,7625959,0,5月仕入,
2024/05/02,買掛金,,0,7625959,5月仕入,
2024/05/26,買掛金,,6523466,0,買掛金支払,
2024/05/26,普通預金,,0,6523466,買掛金支払,
2024/05/26,役員報酬,,800000,0,役員報酬支払,管理部
2024/05/26,普通預金,,0,800000,役員報酬支払,
2024/05/26,給料手当,,1544112,0,給料手当支払,管理部
2024/05/26,普通預金,,0,1544112,給料手当支払,
2024/05/26,法定福利費,,346896,0,法定福利費支払,管理部
2024/05/26,普通預金,,0,346896,法定福利費支払,
2024/05/26,福利厚生費,,76107,0,福利厚生費支払,管理部
2024/05/26,普通預金,,0,76107,福利厚生費支払,
2024/05/26,地代家賃,,350000,0,地代家賃支払,管理部
2024/05/26,普通預金,,0,350000,地代家賃支払,
2024/05/26,水道光熱費,,59825,0,水道光熱費支払,管理部
2024/05/26,普通預金,,0,59825,水道光熱費支払,
2024/05/26,通信費,,47332,0,通信費支払,管理部
2024/05/26,普通預金,,0,47332,通信費支払,
2024/05/26,消耗品費,,20512,0,消耗品費支払,管理部
2024/05/26,普通預金,,0,20512,消耗品費支払,
2024/05/26,旅費交通費,,73769,0,旅費交通費支払,管理部
2024/05/26,普通預金,,0,73769,旅費交通費支払,
2024/05/26,接待交際費,,56346,0,接待交際費支払,管理部
2024/05/26,普通預金,,0,56346,接待交際費支払,
2024/05/26,支払手数料,,24810,0,支払手数料支払,管理部
2024/05/26,普通預金,,0,24810,支払手数料支払,
2024/05/26,保険料,,25000,0,保険料支払,管理部
2024/05/26,普通預金,,0,25000,保険料支払,
2024/05/26,減価償却費,,120000,0,減価償却費支払,管理部
2024/05/26,普通預金,,0,120000,減価償却費支払,
2024/05/26,租税公課,,13394,0,租税公課支払,管理部
2024/05/26,普通預金,,0,13394,租税公課支払,
2024/05/26,広告宣伝費,,73009,0,広告宣伝費支払,管理部
2024/05/26,普通預金,,0,73009,広告宣伝費支払,
2024/05/26,荷造運賃,,38666,0,荷造運賃支払,管理部
2024/05/26,普通預金,,0,38666,荷造運賃支払,
2024/05/26,雑費,,6891,0,雑費支払,管理部
2024/05/26,普通預金,,0,6891,雑費支払,
2024/05/25,支払利息,,47500,0,借入金利息,
2024/05/25,普通預金,,0,47500,借入金利息,
2024/05/25,長期借入金,,200000,0,長期借入金返済,
2024/05/25,普通預金,,0,200000,長期借入金返済,
2024/06/03,売上高,,0,11763328,6月売上計上,営業部
2024/06/03,売掛金,,11763328,0,6月売上計上,営業部
2024/06/24,普通預金,,10710309,0,売掛金回収,
2024/06/24,売掛金,,0,10710309,売掛金回収,
2024/06/04,仕入高,,7313981,0,6月仕入,
2024/06/04,買掛金,,0,7313981,6月仕入,
2024/06/27,買掛金,,6405667,0,買掛金支払,
2024/06/27,普通預金,,0,6405667,買掛金支払,
2024/06/27,役員報酬,,800000,0,役員報酬支払,管理部
2024/06/27,普通預金,,0,800000,役員報酬支払,
2024/06/27,給料手当,,1324763,0,給料手当支払,管理部
2024/06/27,普通預金,,0,1324763,給料手当支払,
2024/06/27,法定福利費,,283064,0,法定福利費支払,管理部
2024/06/27,普通預金,,0,283064,法定福利費支払,
2024/06/27,福利厚生費,,71568,0,福利厚生費支払,管理部
2024/06/27,普通預金,,0,71568,福利厚生費支払,
2024/06/27,地代家賃,,350000,0,地代家賃支払,管理部
2024/06/27,普通預金,,0,350000,地代家賃支払,
2024/06/27,水道光熱費,,67759,0,水道光熱費支払,管理部
2024/06/27,普通預金,,0,67759,水道光熱費支払,
2024/06/27,通信費,,39066,0,通信費支払,管理部
2024/06/27,普通預金,,0,39066,通信費支払,
2024/06/27,消耗品費,,22889,0,消耗品費支払,管理部
2024/06/27,普通預金,,0,22889,消耗品費支払,
2024/06/27,旅費交通費,,30232,0,旅費交通費支払,管理部
2024/06/27,普通預金,,0,30232,旅費交通費支払,
2024/06/27,接待交際費,,41859,0,接待交際費支払,管理部
2024/06/27,普通預金,,0,41859,接待交際費支払,
2024/06/27,支払手数料,,19286,0,支払手数料支払,管理部
2024/06/27,普通預金,,0,19286,支払手数料支払,
2024/06/27,保険料,,25000,0,保険料支払,管理部
2024/06/27,普通預金,,0,25000,保険料支払,
2024/06/27,減価償却費,,120000,0,減価償却費支払,管理部
2024/06/27,普通預金,,0,120000,減価償却費支払,
2024/06/27,租税公課,,18583,0,租税公課支払,管理部
2024/06/27,普通預金,,0,18583,租税公課支払,
2024/06/27,広告宣伝費,,76872,0,広告宣伝費支払,管理部
2024/06/27,普通預金,,0,76872,広告宣伝費支払,
2024/06/27,荷造運賃,,54288,0,荷造運賃支払,管理部
2024/06/27,普通預金,,0,54288,荷造運賃支払,
2024/06/27,雑費,,12239,0,雑費支払,管理部
2024/06/27,普通預金,,0,12239,雑費支払,
2024/06/28,支払利息,,47500,0,借入金利息,
2024/06/28,普通預金,,0,47500,借入金利息,
2024/06/24,長期借入金,,200000,0,長期借入金返済,
2024/06/24,普通預金,,0,200000,長期借入金返済,
2024/07/01,売上高,,0,10151763,7月売上計上,営業部
2024/07/01,売掛金,,10151763,0,7月売上計上,営業部
2024/07/22,普通預金,,9182868,0,売掛金回収,
2024/07/22,売掛金,,0,9182868,売掛金回収,
2024/07/10,仕入高,,6430730,0,7月仕入,
2024/07/10,買掛金,,0,6430730,7月仕入,
2024/07/26,買掛金,,5559160,0,買掛金支払,
2024/07/26,普通預金,,0,5559160,買掛金支払,
2024/07/25,役員報酬,,800000,0,役員報酬支払,管理部
2024/07/25,普通預金,,0,800000,役員報酬支払,
2024/07/25,給料手当,,1470545,0,給料手当支払,管理部
2024/07/25,普通預金,,0,1470545,給料手当支払,
2024/07/25,法定福利費,,321618,0,法定福利費支払,管理部
2024/07/25,普通預金,,0,321618,法定福利費支払,
2024/07/25,福利厚生費,,32614,0,福利厚生費支払,管理部
2024/07/25,普通預金,,0,32614,福利厚生費支払,
2024/07/25,地代家賃,,350000,0,地代家賃支払,管理部
2024/07/25,普通預金,,0,350000,地代家賃支払,
2024/07/25,水道光熱費,,63449,0,水道光熱費支払,管理部
2024/07/25,普通預金,,0,63449,水道光熱費支払,
2024/07/25,通信費,,36883,0,通信費支払,管理部
2024/07/25,普通預金,,0,36883,通信費支払,
2024/07/25,消耗品費,,36353,0,消耗品費支払,管理部
2024/07/25,普通預金,,0,36353,消耗品費支払,
2024/07/25,旅費交通費,,73708,0,旅費交通費支払,管理部
2024/07/25,普通預金,,0,73708,旅費交通費支払,
2024/07/25,接待交際費,,26736,0,接待交際費支払,管理部
2024/07/25,普通預金,,0,26736,接待交際費支払,
2024/07/25,支払手数料,,26589,0,支払手数料支払,管理部
2024/07/25,普通預金,,0,26589,支払手数料支払,
2024/07/25,保険料,,25000,0,保険料支払,管理部
2024/07/25,普通預金,,0,25000,保険料支払,
2024/07/25,減価償却費,,120000,0,減価償却費支払,管理部
2024/07/25,普通預金,,0,120000,減価償却費支払,
2024/07/25,租税公課,,28346,0,租税公課支払,管理部
2024/07/25,普通預金,,0,28346,租税公課支払,
2024/07/25,広告宣伝費,,111525,0,広告宣伝費支払,管理部
2024/07/25,普通預金,,0,111525,広告宣伝費支払,
2024/07/25,荷造運賃,,50337,0,荷造運賃支払,管理部
2024/07/25,普通預金,,0,50337,荷造運賃支払,
2024/07/25,雑費,,17279,0,雑費支払,管理部
2024/07/25,普通預金,,0,17279,雑費支払,
2024/07/26,支払利息,,47500,0,借入金利息,
2024/07/26,普通預金,,0,47500,借入金利息,
2024/07/21,長期借入金,,200000,0,長期借入金返済,
2024/07/21,普通預金,,0,200000,長期借入金返済,
2024/08/02,売上高,,0,10972837,8月売上計上,営業部
2024/08/02,売掛金,,10972837,0,8月売上計上,営業部
2024/08/26,普通預金,,9354109,0,売掛金回収,
2024/08/26,売掛金,,0,9354109,売掛金回収,
2024/08/06,仕入高,,6843280,0,8月仕入,
2024/08/06,買掛金,,0,6843280,8月仕入,
2024/08/28,買掛金,,6298111,0,買掛金支払,
2024/08/28,普通預金,,0,6298111,買掛金支払,
2024/08/26,役員報酬,,800000,0,役員報酬支払,管理部
2024/08/26,普通預金,,0,800000,役員報酬支払,
2024/08/26,給料手当,,1447073,0,給料手当支払,管理部
2024/08/26,普通預金,,0,1447073,給料手当支払,
2024/08/26,法定福利費,,292535,0,法定福利費支払,管理部
2024/08/26,普通預金,,0,292535,法定福利費支払,
2024/08/26,福利厚生費,,75958,0,福利厚生費支払,管理部
2024/08/26,普通預金,,0,75958,福利厚生費支払,
2024/08/26,地代家賃,,350000,0,地代家賃支払,管理部
2024/08/26,普通預金,,0,350000,地代家賃支払,
2024/08/26,水道光熱費,,47084,0,水道光熱費支払,管理部
2024/08/26,普通預金,,0,47084,水道光熱費支払,
2024/08/26,通信費,,42535,0,通信費支払,管理部
2024/08/26,普通預金,,0,42535,通信費支払,
2024/08/26,消耗品費,,22537,0,消耗品費支払,管理部
2024/08/26,普通預金,,0,22537,消耗品費支払,
2024/08/26,旅費交通費,,60847,0,旅費交通費支払,管理部
2024/08/26,普通預金,,0,60847,旅費交通費支払,
2024/08/26,接待交際費,,34577,0,接待交際費支払,管理部
2024/08/26,普通預金,,0,34577,接待交際費支払,
2024/08/26,支払手数料,,21539,0,支払手数料支払,管理部
2024/08/26,普通預金,,0,21539,支払手数料支払,
2024/08/26,保険料,,25000,0,保険料支払,管理部
2024/08/26,普通預金,,0,25000,保険料支払,
2024/08/26,減価償却費,,120000,0,減価償却費支払,管理部
2024/08/26,普通預金,,0,120000,減価償却費支払,
2024/08/26,租税公課,,25083,0,租税公課支払,管理部
2024/08/26,普通預金,,0,25083,租税公課支払,
2024/08/26,広告宣伝費,,103496,0,広告宣伝費支払,管理部
2024/08/26,普通預金,,0,103496,広告宣伝費支払,
2024/08/26,荷造運賃,,40000,0,荷造運賃支払,管理部
2024/08/26,普通預金,,0,40000,荷造運賃支払,
2024/08/26,雑費,,18443,0,雑費支払,管理部
2024/08/26,普通預金,,0,18443,雑費支払,
2024/08/26,支払利息,,47500,0,借入金利息,
2024/08/26,普通預金,,0,47500,借入金利息,
2024/08/21,長期借入金,,200000,0,長期借入金返済,
2024/08/21,普通預金,,0,200000,長期借入金返済,
2024/09/02,売上高,,0,11373657,9月売上計上,営業部
2024/09/02,売掛金,,11373657,0,9月売上計上,営業部
2024/09/26,普通預金,,10040962,0,売掛金回収,
2024/09/26,売掛金,,0,10040962,売掛金回収,
2024/09/05,仕入高,,7238596,0,9月仕入,
2024/09/05,買掛金,,0,7238596,9月仕入,
2024/09/27,買掛金,,6487390,0,買掛金支払,
2024/09/27,普通預金,,0,6487390,買掛金支払,
2024/09/28,役員報酬,,800000,0,役員報酬支払,管理部
2024/09/28,普通預金,,0,800000,役員報酬支払,
2024/09/28,給料手当,,1599621,0,給料手当支払,管理部
2024/09/28,普通預金,,0,1599621,給料手当支払,
2024/09/28,法定福利費,,316876,0,法定福利費支払,管理部
2024/09/28,普通預金,,0,316876,法定福利費支払,
2024/09/28,福利厚生費,,31808,0,福利厚生費支払,管理部
2024/09/28,普通預金,,0,31808,福利厚生費支払,
2024/09/28,地代家賃,,350000,0,地代家賃支払,管理部
2024/09/28,普通預金,,0,350000,地代家賃支払,
2024/09/28,水道光熱費,,47559,0,水道光熱費支払,管理部
2024/09/28,普通預金,,0,47559,水道光熱費支払,
2024/09/28,通信費,,38559,0,通信費支払,管理部
2024/09/28,普通預金,,0,38559,通信費支払,
2024/09/28,消耗品費,,31702,0,消耗品費支払,管理部
2024/09/28,普通預金,,0,31702,消耗品費支払,
2024/09/28,旅費交通費,,68049,0,旅費交通費支払,管理部
2024/09/28,普通預金,,0,68049,旅費交通費支払,
2024/09/28,接待交際費,,37397,0,接待交際費支払,管理部
2024/09/28,普通預金,,0,37397,接待交際費支払,
2024/09/28,支払手数料,,16253,0,支払手数料支払,管理部
2024/09/28,普通預金,,0,16253,支払手数料支払,
2024/09/28,保険料,,25000,0,保険料支払,管理部
2024/09/28,普通預金,,0,25000,保険料支払,
2024/09/28,減価償却費,,120000,0,減価償却費支払,管理部
2024/09/28,普通預金,,0,120000,減価償却費支払,
2024/09/28,租税公課,,13552,0,租税公課支払,管理部
2024/09/28,普通預金,,0,13552,租税公課支払,
2024/09/28,広告宣伝費,,138448,0,広告宣伝費支払,管理部
2024/09/28,普通預金,,0,138448,広告宣伝費支払,
2024/09/28,荷造運賃,,44239,0,荷造運賃支払,管理部
2024/09/28,普通預金,,0,44239,荷造運賃支払,
2024/09/28,雑費,,10663,0,雑費支払,管理部
2024/09/28,普通預金,,0,10663,雑費支払,
2024/09/27,支払利息,,47500,0,借入金利息,
2024/09/27,普通預金,,0,47500,借入金利息,
2024/09/23,長期借入金,,200000,0,長期借入金返済,
2024/09/23,普通預金,,0,200000,長期借入金返済,
2024/10/05,売上高,,0,13180234,10月売上計上,営業部
2024/10/05,売掛金,,13180234,0,10月売上計上,営業部
2024/10/21,普通預金,,11710895,0,売掛金回収,
2024/10/21,売掛金,,0,11710895,売掛金回収,
2024/10/05,仕入高,,8009085,0,10月仕入,
2024/10/05,買掛金,,0,8009085,10月仕入,
2024/10/25,買掛金,,7258776,0,買掛金支払,
2024/10/25,普通預金,,0,7258776,買掛金支払,
2024/10/25,役員報酬,,800000,0,役員報酬支払,管理部
2024/10/25,普通預金,,0,800000,役員報酬支払,
2024/10/25,給料手当,,1590393,0,給料手当支払,管理部
2024/10/25,普通預金,,0,1590393,給料手当支払,
2024/10/25,法定福利費,,346221,0,法定福利費支払,管理部
2024/10/25,普通預金,,0,346221,法定福利費支払,
2024/10/25,福利厚生費,,75013,0,福利厚生費支払,管理部
2024/10/25,普通預金,,0,75013,福利厚生費支払,
2024/10/25,地代家賃,,350000,0,地代家賃支払,管理部
2024/10/25,普通預金,,0,350000,地代家賃支払,
2024/10/25,水道光熱費,,52912,0,水道光熱費支払,管理部
2024/10/25,普通預金,,0,52912,水道光熱費支払,
2024/10/25,通信費,,41934,0,通信費支払,管理部
2024/10/25,普通預金,,0,41934,通信費支払,
2024/10/25,消耗品費,,48265,0,消耗品費支払,管理部
2024/10/25,普通預金,,0,48265,消耗品費支払,
2024/10/25,旅費交通費,,34585,0,旅費交通費支払,管理部
2024/10/25,普通預金,,0,34585,旅費交通費支払,
2024/10/25,接待交際費,,41639,0,接待交際費支払,管理部
2024/10/25,普通預金,,0,41639,接待交際費支払,
2024/10/25,支払手数料,,35419,0,支払手数料支払,管理部
2024/10/25,普通預金,,0,35419,支払手数料支払,
2024/10/25,保険料,,25000,0,保険料支払,管理部
2024/10/25,普通預金,,0,25000,保険料支払,
2024/10/25,減価償却費,,120000,0,減価償却費支払,管理部
2024/10/25,普通預金,,0,120000,減価償却費支払,
2024/10/25,租税公課,,20286,0,租税公課支払,管理部
2024/10/25,普通預金,,0,20286,租税公課支払,
2024/10/25,広告宣伝費,,147907,0,広告宣伝費支払,管理部
2024/10/25,普通預金,,0,147907,広告宣伝費支払,
2024/10/25,荷造運賃,,57787,0,荷造運賃支払,管理部
2024/10/25,普通預金,,0,57787,荷造運賃支払,
2024/10/25,雑費,,7041,0,雑費支払,管理部
2024/10/25,普通預金,,0,7041,雑費支払,
2024/10/27,支払利息,,47500,0,借入金利息,
2024/10/27,普通預金,,0,47500,借入金利息,
2024/10/24,長期借入金,,200000,0,長期借入金返済,
2024/10/24,普通預金,,0,200000,長期借入金返済,
2024/10/01,普通預金,,5000000,0,追加借入実行,
2024/10/01,長期借入金,,0,5000000,追加借入実行,
2024/11/04,売上高,,0,13192759,11月売上計上,営業部
2024/11/04,売掛金,,13192759,0,11月売上計上,営業部
2024/11/25,普通預金,,11744722,0,売掛金回収,
2024/11/25,売掛金,,0,11744722,売掛金回収,
2024/11/03,仕入高,,7646068,0,11月仕入,
2024/11/03,買掛金,,0,7646068,11月仕入,
2024/11/26,買掛金,,6599068,0,買掛金支払,
2024/11/26,普通預金,,0,6599068,買掛金支払,
2024/11/28,役員報酬,,800000,0,役員報酬支払,管理部
2024/11/28,普通預金,,0,800000,役員報酬支払,
2024/11/28,給料手当,,1394539,0,給料手当支払,管理部
2024/11/28,普通預金,,0,1394539,給料手当支払,
2024/11/28,法定福利費,,357130,0,法定福利費支払,管理部
2024/11/28,普通預金,,0,357130,法定福利費支払,
2024/11/28,福利厚生費,,67296,0,福利厚生費支払,管理部
2024/11/28,普通預金,,0,67296,福利厚生費支払,
2024/11/28,地代家賃,,350000,0,地代家賃支払,管理部
2024/11/28,普通預金,,0,350000,地代家賃支払,
2024/11/28,水道光熱費,,59723,0,水道光熱費支払,管理部
2024/11/28,普通預金,,0,59723,水道光熱費支払,
2024/11/28,通信費,,43306,0,通信費支払,管理部
2024/11/28,普通預金,,0,43306,通信費支払,
2024/11/28,消耗品費,,55909,0,消耗品費支払,管理部
2024/11/28,普通預金,,0,55909,消耗品費支払,
2024/11/28,旅費交通費,,30026,0,旅費交通費支払,管理部
2024/11/28,普通預金,,0,30026,旅費交通費支払,
2024/11/28,接待交際費,,39914,0,接待交際費支払,管理部
2024/11/28,普通預金,,0,39914,接待交際費支払,
2024/11/28,支払手数料,,24401,0,支払手数料支払,管理部
2024/11/28,普通預金,,0,24401,支払手数料支払,
2024/11/28,保険料,,25000,0,保険料支払,管理部
2024/11/28,普通預金,,0,25000,保険料支払,
2024/11/28,減価償却費,,120000,0,減価償却費支払,管理部
2024/11/28,普通預金,,0,120000,減価償却費支払,
2024/11/28,租税公課,,16887,0,租税公課支払,管理部
2024/11/28,普通預金,,0,16887,租税公課支払,
2024/11/28,広告宣伝費,,114853,0,広告宣伝費支払,管理部
2024/11/28,普通預金,,0,114853,広告宣伝費支払,
2024/11/28,荷造運賃,,55747,0,荷造運賃支払,管理部
2024/11/28,普通預金,,0,55747,荷造運賃支払,
2024/11/28,雑費,,14502,0,雑費支払,管理部
2024/11/28,普通預金,,0,14502,雑費支払,
2024/11/27,支払利息,,47500,0,借入金利息,
2024/11/27,普通預金,,0,47500,借入金利息,
2024/11/23,長期借入金,,200000,0,長期借入金返済,
2024/11/23,普通預金,,0,200000,長期借入金返済,
2024/12/02,売上高,,0,14123216,12月売上計上,営業部
2024/12/02,売掛金,,14123216,0,12月売上計上,営業部
2024/12/28,普通預金,,12673024,0,売掛金回収,
2024/12/28,売掛金,,0,12673024,売掛金回収,
2024/12/03,仕入高,,9040525,0,12月仕入,
2024/12/03,買掛金,,0,9040525,12月仕入,
2024/12/25,買掛金,,7617256,0,買掛金支払,
2024/12/25,普通預金,,0,7617256,買掛金支払,
2024/12/27,役員報酬,,800000,0,役員報酬支払,管理部
2024/12/27,普通預金,,0,800000,役員報酬支払,
2024/12/27,給料手当,,1348877,0,給料手当支払,管理部
2024/12/27,普通預金,,0,1348877,給料手当支払,
2024/12/27,法定福利費,,376329,0,法定福利費支払,管理部
2024/12/27,普通預金,,0,376329,法定福利費支払,
2024/12/27,福利厚生費,,45392,0,福利厚生費支払,管理部
2024/12/27,普通預金,,0,45392,福利厚生費支払,
2024/12/27,地代家賃,,350000,0,地代家賃支払,管理部
2024/12/27,普通預金,,0,350000,地代家賃支払,
2024/12/27,水道光熱費,,60343,0,水道光熱費支払,管理部
2024/12/27,普通預金,,0,60343,水道光熱費支払,
2024/12/27,通信費,,37361,0,通信費支払,管理部
2024/12/27,普通預金,,0,37361,通信費支払,
2024/12/27,消耗品費,,33050,0,消耗品費支払,管理部
2024/12/27,普通預金,,0,33050,消耗品費支払,
2024/12/27,旅費交通費,,39656,0,旅費交通費支払,管理部
2024/12/27,普通預金,,0,39656,旅費交通費支払,
2024/12/27,接待交際費,,21600,0,接待交際費支払,管理部
2024/12/27,普通預金,,0,21600,接待交際費支払,
2024/12/27,支払手数料,,16514,0,支払手数料支払,管理部
2024/12/27,普通預金,,0,16514,支払手数料支払,
2024/12/27,保険料,,25000,0,保険料支払,管理部
2024/12/27,普通預金,,0,25000,保険料支払,
2024/12/27,減価償却費,,120000,0,減価償却費支払,管理部
2024/12/27,普通預金,,0,120000,減価償却費支払,
2024/12/27,租税公課,,18023,0,租税公課支払,管理部
2024/12/27,普通預金,,0,18023,租税公課支払,
2024/12/27,広告宣伝費,,121259,0,広告宣伝費支払,管理部
2024/12/27,普通預金,,0,121259,広告宣伝費支払,
2024/12/27,荷造運賃,,50030,0,荷造運賃支払,管理部
2024/12/27,普通預金,,0,50030,荷造運賃支払,
2024/12/27,雑費,,18922,0,雑費支払,管理部
2024/12/27,普通預金,,0,18922,雑費支払,
2024/12/25,支払利息,,47500,0,借入金利息,
2024/12/25,普通預金,,0,47500,借入金利息,
2024/12/23,長期借入金,,200000,0,長期借入金返済,
2024/12/23,普通預金,,0,200000,長期借入金返済,
2025/01/05,売上高,,0,14699972,1月売上計上,営業部
2025/01/05,売掛金,,14699972,0,1月売上計上,営業部
2025/01/23,普通預金,,13550942,0,売掛金回収,
2025/01/23,売掛金,,0,13550942,売掛金回収,
2025/01/07,仕入高,,8649431,0,1月仕入,
2025/01/07,買掛金,,0,8649431,1月仕入,
2025/01/26,買掛金,,7111006,0,買掛金支払,
2025/01/26,普通預金,,0,7111006,買掛金支払,
2025/01/25,役員報酬,,800000,0,役員報酬支払,管理部
2025/01/25,普通預金,,0,800000,役員報酬支払,
2025/01/25,給料手当,,1356352,0,給料手当支払,管理部
2025/01/25,普通預金,,0,1356352,給料手当支払,
2025/01/25,法定福利費,,330181,0,法定福利費支払,管理部
2025/01/25,普通預金,,0,330181,法定福利費支払,
2025/01/25,福利厚生費,,44341,0,福利厚生費支払,管理部
2025/01/25,普通預金,,0,44341,福利厚生費支払,
2025/01/25,地代家賃,,350000,0,地代家賃支払,管理部
2025/01/25,普通預金,,0,350000,地代家賃支払,
2025/01/25,水道光熱費,,51526,0,水道光熱費支払,管理部
2025/01/25,普通預金,,0,51526,水道光熱費支払,
2025/01/25,通信費,,46972,0,通信費支払,管理部
2025/01/25,普通預金,,0,46972,通信費支払,
2025/01/25,消耗品費,,50444,0,消耗品費支払,管理部
2025/01/25,普通預金,,0,50444,消耗品費支払,
2025/01/25,旅費交通費,,33291,0,旅費交通費支払,管理部
2025/01/25,普通預金,,0,33291,旅費交通費支払,
2025/01/25,接待交際費,,56530,0,接待交際費支払,管理部
2025/01/25,普通預金,,0,56530,接待交際費支払,
2025/01/25,支払手数料,,23165,0,支払手数料支払,管理部
2025/01/25,普通預金,,0,23165,支払手数料支払,
2025/01/25,保険料,,25000,0,保険料支払,管理部
2025/01/25,普通預金,,0,25000,保険料支払,
2025/01/25,減価償却費,,120000,0,減価償却費支払,管理部
2025/01/25,普通預金,,0,120000,減価償却費支払,
2025/01/25,租税公課,,13976,0,租税公課支払,管理部
2025/01/25,普通預金,,0,13976,租税公課支払,
2025/01/25,広告宣伝費,,118615,0,広告宣伝費支払,管理部
2025/01/25,普通預金,,0,118615,広告宣伝費支払,
2025/01/25,荷造運賃,,34369,0,荷造運賃支払,管理部
2025/01/25,普通預金,,0,34369,荷造運賃支払,
2025/01/25,雑費,,18130,0,雑費支払,管理部
2025/01/25,普通預金,,0,18130,雑費支払,
2025/01/28,支払利息,,45000,0,借入金利息,
2025/01/28,普通預金,,0,45000,借入金利息,
2025/01/25,長期借入金,,200000,0,長期借入金返済,
2025/01/25,普通預金,,0,200000,長期借入金返済,
2025/02/05,売上高,,0,15629466,2月売上計上,営業部
2025/02/05,売掛金,,15629466,0,2月売上計上,営業部
2025/02/25,普通預金,,14769907,0,売掛金回収,
2025/02/25,売掛金,,0,14769907,売掛金回収,
2025/02/10,仕入高,,9989457,0,2月仕入,
2025/02/10,買掛金,,0,9989457,2月仕入,
2025/02/28,買掛金,,9236105,0,買掛金支払,
2025/02/28,普通預金,,0,9236105,買掛金支払,
2025/02/28,役員報酬,,800000,0,役員報酬支払,管理部
2025/02/28,普通預金,,0,800000,役員報酬支払,
2025/02/28,給料手当,,1386119,0,給料手当支払,管理部
2025/02/28,普通預金,,0,1386119,給料手当支払,
2025/02/28,法定福利費,,375269,0,法定福利費支払,管理部
2025/02/28,普通預金,,0,375269,法定福利費支払,
2025/02/28,福利厚生費,,61108,0,福利厚生費支払,管理部
2025/02/28,普通預金,,0,61108,福利厚生費支払,
2025/02/28,地代家賃,,350000,0,地代家賃支払,管理部
2025/02/28,普通預金,,0,350000,地代家賃支払,
2025/02/28,水道光熱費,,69495,0,水道光熱費支払,管理部
2025/02/28,普通預金,,0,69495,水道光熱費支払,
2025/02/28,通信費,,38493,0,通信費支払,管理部
2025/02/28,普通預金,,0,38493,通信費支払,
2025/02/28,消耗品費,,36203,0,消耗品費支払,管理部
2025/02/28,普通預金,,0,36203,消耗品費支払,
2025/02/28,旅費交通費,,71789,0,旅費交通費支払,管理部
2025/02/28,普通預金,,0,71789,旅費交通費支払,
2025/02/28,接待交際費,,38173,0,接待交際費支払,管理部
2025/02/28,普通預金,,0,38173,接待交際費支払,
2025/02/28,支払手数料,,32081,0,支払手数料支払,管理部
2025/02/28,普通預金,,0,32081,支払手数料支払,
2025/02/28,保険料,,25000,0,保険料支払,管理部
2025/02/28,普通預金,,0,25000,保険料支払,
2025/02/28,減価償却費,,120000,0,減価償却費支払,管理部
2025/02/28,普通預金,,0,120000,減価償却費支払,
2025/02/28,租税公課,,25879,0,租税公課支払,管理部
2025/02/28,普通預金,,0,25879,租税公課支払,
2025/02/28,広告宣伝費,,142720,0,広告宣伝費支払,管理部
2025/02/28,普通預金,,0,142720,広告宣伝費支払,
2025/02/28,荷造運賃,,37839,0,荷造運賃支払,管理部
2025/02/28,普通預金,,0,37839,荷造運賃支払,
2025/02/28,雑費,,9499,0,雑費支払,管理部
2025/02/28,普通預金,,0,9499,雑費支払,
2025/02/28,支払利息,,45000,0,借入金利息,
2025/02/28,普通預金,,0,45000,借入金利息,
2025/02/20,長期借入金,,200000,0,長期借入金返済,
2025/02/20,普通預金,,0,200000,長期借入金返済,
2025/03/02,売上高,,0,16753508,3月売上計上,営業部
2025/03/02,売掛金,,16753508,0,3月売上計上,営業部
2025/03/24,普通預金,,14803144,0,売掛金回収,
2025/03/24,売掛金,,0,14803144,売掛金回収,
2025/03/02,仕入高,,10710562,0,3月仕入,
2025/03/02,買掛金,,0,10710562,3月仕入,
2025/03/26,買掛金,,8810771,0,買掛金支払,
2025/03/26,普通預金,,0,8810771,買掛金支払,
2025/03/28,役員報酬,,800000,0,役員報酬支払,管理部
2025/03/28,普通預金,,0,800000,役員報酬支払,
2025/03/28,給料手当,,1382522,0,給料手当支払,管理部
2025/03/28,普通預金,,0,1382522,給料手当支払,
2025/03/28,法定福利費,,369998,0,法定福利費支払,管理部
2025/03/28,普通預金,,0,369998,法定福利費支払,
2025/03/28,福利厚生費,,44021,0,福利厚生費支払,管理部
2025/03/28,普通預金,,0,44021,福利厚生費支払,
2025/03/28,地代家賃,,350000,0,地代家賃支払,管理部
2025/03/28,普通預金,,0,350000,地代家賃支払,
2025/03/28,水道光熱費,,44209,0,水道光熱費支払,管理部
2025/03/28,普通預金,,0,44209,水道光熱費支払,
2025/03/28,通信費,,43594,0,通信費支払,管理部
2025/03/28,普通預金,,0,43594,通信費支払,
2025/03/28,消耗品費,,46712,0,消耗品費支払,管理部
2025/03/28,普通預金,,0,46712,消耗品費支払,
2025/03/28,旅費交通費,,51684,0,旅費交通費支払,管理部
2025/03/28,普通預金,,0,51684,旅費交通費支払,
2025/03/28,接待交際費,,55560,0,接待交際費支払,管理部
2025/03/28,普通預金,,0,55560,接待交際費支払,
2025/03/28,支払手数料,,30267,0,支払手数料支払,管理部
2025/03/28,普通預金,,0,30267,支払手数料支払,
2025/03/28,保険料,,25000,0,保険料支払,管理部
2025/03/28,普通預金,,0,25000,保険料支払,
2025/03/28,減価償却費,,120000,0,減価償却費支払,管理部
2025/03/28,普通預金,,0,120000,減価償却費支払,
2025/03/28,租税公課,,23624,0,租税公課支払,管理部
2025/03/28,普通預金,,0,23624,租税公課支払,
2025/03/28,広告宣伝費,,62813,0,広告宣伝費支払,管理部
2025/03/28,普通預金,,0,62813,広告宣伝費支払,
2025/03/28,荷造運賃,,36777,0,荷造運賃支払,管理部
2025/03/28,普通預金,,0,36777,荷造運賃支払,
2025/03/28,雑費,,18646,0,雑費支払,管理部
2025/03/28,普通預金,,0,18646,雑費支払,
2025/03/28,支払利息,,45000,0,借入金利息,
2025/03/28,普通預金,,0,45000,借入金利息,
2025/03/23,長期借入金,,200000,0,長期借入金返済,
2025/03/23,普通預金,,0,200000,長期借入金返済,
2025/03/28,法人税等,,1340280,0,法人税等計上,
2025/03/28,未払法人税等,,0,1340280,法人税等計上,
2025/04/03,売上高,,0,12720972,4月売上計上,営業部
2025/04/03,売掛金,,12720972,0,4月売上計上,営業部
2025/04/24,普通預金,,11771319,0,売掛金回収,
2025/04/24,売掛金,,0,11771319,売掛金回収,
2025/04/07,仕入高,,8082203,0,4月仕入,
2025/04/07,買掛金,,0,8082203,4月仕入,
2025/04/26,買掛金,,7057657,0,買掛金支払,
2025/04/26,普通預金,,0,7057657,買掛金支払,
2025/04/27,役員報酬,,800000,0,役員報酬支払,管理部
2025/04/27,普通預金,,0,800000,役員報酬支払,
2025/04/27,給料手当,,1599923,0,給料手当支払,管理部
2025/04/27,普通預金,,0,1599923,給料手当支払,
2025/04/27,法定福利費,,351292,0,法定福利費支払,管理部
2025/04/27,普通預金,,0,351292,法定福利費支払,
2025/04/27,福利厚生費,,31902,0,福利厚生費支払,管理部
2025/04/27,普通預金,,0,31902,福利厚生費支払,
2025/04/27,地代家賃,,350000,0,地代家賃支払,管理部
2025/04/27,普通預金,,0,350000,地代家賃支払,
2025/04/27,水道光熱費,,65484,0,水道光熱費支払,管理部
2025/04/27,普通預金,,0,65484,水道光熱費支払,
2025/04/27,通信費,,41014,0,通信費支払,管理部
2025/04/27,普通預金,,0,41014,通信費支払,
2025/04/27,消耗品費,,46497,0,消耗品費支払,管理部
2025/04/27,普通預金,,0,46497,消耗品費支払,
2025/04/27,旅費交通費,,77459,0,旅費交通費支払,管理部
2025/04/27,普通預金,,0,77459,旅費交通費支払,
2025/04/27,接待交際費,,30816,0,接待交際費支払,管理部
2025/04/27,普通預金,,0,30816,接待交際費支払,
2025/04/27,支払手数料,,30315,0,支払手数料支払,管理部
2025/04/27,普通預金,,0,30315,支払手数料支払,
2025/04/27,保険料,,25000,0,保険料支払,管理部
2025/04/27,普通預金,,0,25000,保険料支払,
2025/04/27,減価償却費,,120000,0,減価償却費支払,管理部
2025/04/27,普通預金,,0,120000,減価償却費支払,
2025/04/27,租税公課,,14182,0,租税公課支払,管理部
2025/04/27,普通預金,,0,14182,租税公課支払,
2025/04/27,広告宣伝費,,147347,0,広告宣伝費支払,管理部
2025/04/27,普通預金,,0,147347,広告宣伝費支払,
2025/04/27,荷造運賃,,47502,0,荷造運賃支払,管理部
2025/04/27,普通預金,,0,47502,荷造運賃支払,
2025/04/27,雑費,,5441,0,雑費支払,管理部
2025/04/27,普通預金,,0,5441,雑費支払,
2025/04/28,支払利息,,45000,0,借入金利息,
2025/04/28,普通預金,,0,45000,借入金利息,
2025/04/24,長期借入金,,200000,0,長期借入金返済,
2025/04/24,普通預金,,0,200000,長期借入金返済,
2025/05/01,売上高,,0,13578468,5月売上計上,営業部
2025/05/01,売掛金,,13578468,0,5月売上計上,営業部
2025/05/21,普通預金,,12414453,0,売掛金回収,
2025/05/21,売掛金,,0,12414453,売掛金回収,
2025/05/08,仕入高,,7652416,0,5月仕入,
2025/05/08,買掛金,,0,7652416,5月仕入,
2025/05/26,買掛金,,6179652,0,買掛金支払,
2025/05/26,普通預金,,0,6179652,買掛金支払,
2025/05/28,役員報酬,,800000,0,役員報酬支払,管理部
2025/05/28,普通預金,,0,800000,役員報酬支払,
2025/05/28,給料手当,,1536222,0,給料手当支払,管理部
2025/05/28,普通預金,,0,1536222,給料手当支払,
2025/05/28,法定福利費,,311071,0,法定福利費支払,管理部
2025/05/28,普通預金,,0,311071,法定福利費支払,
2025/05/28,福利厚生費,,59799,0,福利厚生費支払,管理部
2025/05/28,普通預金,,0,59799,福利厚生費支払,
2025/05/28,地代家賃,,350000,0,地代家賃支払,管理部
2025/05/28,普通預金,,0,350000,地代家賃支払,
2025/05/28,水道光熱費,,61420,0,水道光熱費支払,管理部
2025/05/28,普通預金,,0,61420,水道光熱費支払,
2025/05/28,通信費,,41059,0,通信費支払,管理部
2025/05/28,普通預金,,0,41059,通信費支払,
2025/05/28,消耗品費,,44846,0,消耗品費支払,管理部
2025/05/28,普通預金,,0,44846,消耗品費支払,
2025/05/28,旅費交通費,,48235,0,旅費交通費支払,管理部
2025/05/28,普通預金,,0,48235,旅費交通費支払,
2025/05/28,接待交際費,,47627,0,接待交際費支払,管理部
2025/05/28,普通預金,,0,47627,接待交際費支払,
2025/05/28,支払手数料,,23266,0,支払手数料支払,管理部
2025/05/28,普通預金,,0,23266,支払手数料支払,
2025/05/28,保険料,,25000,0,保険料支払,管理部
2025/05/28,普通預金,,0,25000,保険料支払,
2025/05/28,減価償却費,,120000,0,減価償却費支払,管理部
2025/05/28,普通預金,,0,120000,減価償却費支払,
2025/05/28,租税公課,,12683,0,租税公課支払,管理部
2025/05/28,普通預金,,0,12683,租税公課支払,
2025/05/28,広告宣伝費,,125041,0,広告宣伝費支払,管理部
2025/05/28,普通預金,,0,125041,広告宣伝費支払,
2025/05/28,荷造運賃,,30635,0,荷造運賃支払,管理部
2025/05/28,普通預金,,0,30635,荷造運賃支払,
2025/05/28,雑費,,17272,0,雑費支払,管理部
2025/05/28,普通預金,,0,17272,雑費支払,
2025/05/25,支払利息,,45000,0,借入金利息,
2025/05/25,普通預金,,0,45000,借入金利息,
2025/05/22,長期借入金,,200000,0,長期借入金返済,
2025/05/22,普通預金,,0,200000,長期借入金返済,
2025/06/01,売上高,,0,11562270,6月売上計上,営業部
2025/06/01,売掛金,,11562270,0,6月売上計上,営業部
2025/06/20,普通預金,,10699994,0,売掛金回収,
2025/06/20,売掛金,,0,10699994,売掛金回収,
2025/06/04,仕入高,,7457215,0,6月仕入,
2025/06/04,買掛金,,0,7457215,6月仕入,
2025/06/25,買掛金,,6660787,0,買掛金支払,
2025/06/25,普通預金,,0,6660787,買掛金支払,
2025/06/26,役員報酬,,800000,0,役員報酬支払,管理部
2025/06/26,普通預金,,0,800000,役員報酬支払,
2025/06/26,給料手当,,1418117,0,給料手当支払,管理部
2025/06/26,普通預金,,0,1418117,給料手当支払,
2025/06/26,法定福利費,,349518,0,法定福利費支払,管理部
2025/06/26,普通預金,,0,349518,法定福利費支払,
2025/06/26,福利厚生費,,73873,0,福利厚生費支払,管理部
2025/06/26,普通預金,,0,73873,福利厚生費支払,
2025/06/26,地代家賃,,350000,0,地代家賃支払,管理部
2025/06/26,普通預金,,0,350000,地代家賃支払,
2025/06/26,水道光熱費,,47496,0,水道光熱費支払,管理部
2025/06/26,普通預金,,0,47496,水道光熱費支払,
2025/06/26,通信費,,48480,0,通信費支払,管理部
2025/06/26,普通預金,,0,48480,通信費支払,
2025/06/26,消耗品費,,34284,0,消耗品費支払,管理部
2025/06/26,普通預金,,0,34284,消耗品費支払,
2025/06/26,旅費交通費,,60476,0,旅費交通費支払,管理部
2025/06/26,普通預金,,0,60476,旅費交通費支払,
2025/06/26,接待交際費,,36793,0,接待交際費支払,管理部
2025/06/26,普通預金,,0,36793,接待交際費支払,
2025/06/26,支払手数料,,27087,0,支払手数料支払,管理部
2025/06/26,普通預金,,0,27087,支払手数料支払,
2025/06/26,保険料,,25000,0,保険料支払,管理部
2025/06/26,普通預金,,0,25000,保険料支払,
2025/06/26,減価償却費,,120000,0,減価償却費支払,管理部
2025/06/26,普通預金,,0,120000,減価償却費支払,
2025/06/26,租税公課,,15498,0,租税公課支払,管理部
2025/06/26,普通預金,,0,15498,租税公課支払,
2025/06/26,広告宣伝費,,144944,0,広告宣伝費支払,管理部
2025/06/26,普通預金,,0,144944,広告宣伝費支払,
2025/06/26,荷造運賃,,49898,0,荷造運賃支払,管理部
2025/06/26,普通預金,,0,49898,荷造運賃支払,
2025/06/26,雑費,,17254,0,雑費支払,管理部
2025/06/26,普通預金,,0,17254,雑費支払,
2025/06/25,支払利息,,45000,0,借入金利息,
2025/06/25,普通預金,,0,45000,借入金利息,
2025/06/21,長期借入金,,200000,0,長期借入金返済,
2025/06/21,普通預金,,0,200000,長期借入金返済,
2025/07/01,売上高,,0,12273435,7月売上計上,営業部
2025/07/01,売掛金,,12273435,0,7月売上計上,営業部
2025/07/20,普通預金,,11572483,0,売掛金回収,
2025/07/20,売掛金,,0,11572483,売掛金回収,
2025/07/07,仕入高,,7457089,0,7月仕入,
2025/07/07,買掛金,,0,7457089,7月仕入,
2025/07/28,買掛金,,7018765,0,買掛金支払,
2025/07/28,普通預金,,0,7018765,買掛金支払,
2025/07/26,役員報酬,,800000,0,役員報酬支払,管理部
2025/07/26,普通預金,,0,800000,役員報酬支払,
2025/07/26,給料手当,,1388625,0,給料手当支払,管理部
2025/07/26,普通預金,,0,1388625,給料手当支払,
2025/07/26,法定福利費,,366919,0,法定福利費支払,管理部
2025/07/26,普通預金,,0,366919,法定福利費支払,
2025/07/26,福利厚生費,,75260,0,福利厚生費支払,管理部
2025/07/26,普通預金,,0,75260,福利厚生費支払,
2025/07/26,地代家賃,,350000,0,地代家賃支払,管理部
2025/07/26,普通預金,,0,350000,地代家賃支払,
2025/07/26,水道光熱費,,55915,0,水道光熱費支払,管理部
2025/07/26,普通預金,,0,55915,水道光熱費支払,
2025/07/26,通信費,,33339,0,通信費支払,管理部
2025/07/26,普通預金,,0,33339,通信費支払,
2025/07/26,消耗品費,,39764,0,消耗品費支払,管理部
2025/07/26,普通預金,,0,39764,消耗品費支払,
2025/07/26,旅費交通費,,74843,0,旅費交通費支払,管理部
2025/07/26,普通預金,,0,74843,旅費交通費支払,
2025/07/26,接待交際費,,59348,0,接待交際費支払,管理部
2025/07/26,普通預金,,0,59348,接待交際費支払,
2025/07/26,支払手数料,,18966,0,支払手数料支払,管理部
2025/07/26,普通預金,,0,18966,支払手数料支払,
2025/07/26,保険料,,25000,0,保険料支払,管理部
2025/07/26,普通預金,,0,25000,保険料支払,
2025/07/26,減価償却費,,120000,0,減価償却費支払,管理部
2025/07/26,普通預金,,0,120000,減価償却費支払,
2025/07/26,租税公課,,28544,0,租税公課支払,管理部
2025/07/26,普通預金,,0,28544,租税公課支払,
2025/07/26,広告宣伝費,,62028,0,広告宣伝費支払,管理部
2025/07/26,普通預金,,0,62028,広告宣伝費支払,
2025/07/26,荷造運賃,,41377,0,荷造運賃支払,管理部
2025/07/26,普通預金,,0,41377,荷造運賃支払,
2025/07/26,雑費,,13728,0,雑費支払,管理部
2025/07/26,普通預金,,0,13728,雑費支払,
2025/07/28,支払利息,,45000,0,借入金利息,
2025/07/28,普通預金,,0,45000,借入金利息,
2025/07/25,長期借入金,,200000,0,長期借入金返済,
2025/07/25,普通預金,,0,200000,長期借入金返済,
2025/08/05,売上高,,0,10529340,8月売上計上,営業部
2025/08/05,売掛金,,10529340,0,8月売上計上,営業部
2025/08/25,普通預金,,8963260,0,売掛金回収,
2025/08/25,売掛金,,0,8963260,売掛金回収,
2025/08/08,仕入高,,6233431,0,8月仕入,
2025/08/08,買掛金,,0,6233431,8月仕入,
2025/08/25,買掛金,,5392095,0,買掛金支払,
2025/08/25,普通預金,,0,5392095,買掛金支払,
2025/08/27,役員報酬,,800000,0,役員報酬支払,管理部
2025/08/27,普通預金,,0,800000,役員報酬支払,
2025/08/27,給料手当,,1613959,0,給料手当支払,管理部
2025/08/27,普通預金,,0,1613959,給料手当支払,
2025/08/27,法定福利費,,383832,0,法定福利費支払,管理部
2025/08/27,普通預金,,0,383832,法定福利費支払,
2025/08/27,福利厚生費,,40026,0,福利厚生費支払,管理部
2025/08/27,普通預金,,0,40026,福利厚生費支払,
2025/08/27,地代家賃,,350000,0,地代家賃支払,管理部
2025/08/27,普通預金,,0,350000,地代家賃支払,
2025/08/27,水道光熱費,,68540,0,水道光熱費支払,管理部
2025/08/27,普通預金,,0,68540,水道光熱費支払,
2025/08/27,通信費,,35771,0,通信費支払,管理部
2025/08/27,普通預金,,0,35771,通信費支払,
2025/08/27,消耗品費,,54193,0,消耗品費支払,管理部
2025/08/27,普通預金,,0,54193,消耗品費支払,
2025/08/27,旅費交通費,,72628,0,旅費交通費支払,管理部
2025/08/27,普通預金,,0,72628,旅費交通費支払,
2025/08/27,接待交際費,,37700,0,接待交際費支払,管理部
2025/08/27,普通預金,,0,37700,接待交際費支払,
2025/08/27,支払手数料,,35182,0,支払手数料支払,管理部
2025/08/27,普通預金,,0,35182,支払手数料支払,
2025/08/27,保険料,,25000,0,保険料支払,管理部
2025/08/27,普通預金,,0,25000,保険料支払,
2025/08/27,減価償却費,,120000,0,減価償却費支払,管理部
2025/08/27,普通預金,,0,120000,減価償却費支払,
2025/08/27,租税公課,,27634,0,租税公課支払,管理部
2025/08/27,普通預金,,0,27634,租税公課支払,
2025/08/27,広告宣伝費,,126976,0,広告宣伝費支払,管理部
2025/08/27,普通預金,,0,126976,広告宣伝費支払,
2025/08/27,荷造運賃,,45232,0,荷造運賃支払,管理部
2025/08/27,普通預金,,0,45232,荷造運賃支払,
2025/08/27,雑費,,12136,0,雑費支払,管理部
2025/08/27,普通預金,,0,12136,雑費支払,
2025/08/27,支払利息,,45000,0,借入金利息,
2025/08/27,普通預金,,0,45000,借入金利息,
2025/08/22,長期借入金,,200000,0,長期借入金返済,
2025/08/22,普通預金,,0,200000,長期借入金返済,
2025/09/01,売上高,,0,13486507,9月売上計上,営業部
2025/09/01,売掛金,,13486507,0,9月売上計上,営業部
2025/09/24,普通預金,,12652543,0,売掛金回収,
2025/09/24,売掛金,,0,12652543,売掛金回収,
2025/09/08,仕入高,,7746465,0,9月仕入,
2025/09/08,買掛金,,0,7746465,9月仕入,
2025/09/28,買掛金,,6588054,0,買掛金支払,
2025/09/28,普通預金,,0,6588054,買掛金支払,
2025/09/28,役員報酬,,800000,0,役員報酬支払,管理部
2025/09/28,普通預金,,0,800000,役員報酬支払,
2025/09/28,給料手当,,1534849,0,給料手当支払,管理部
2025/09/28,普通預金,,0,1534849,給料手当支払,
2025/09/28,法定福利費,,306694,0,法定福利費支払,管理部
2025/09/28,普通預金,,0,306694,法定福利費支払,
2025/09/28,福利厚生費,,61952,0,福利厚生費支払,管理部
2025/09/28,普通預金,,0,61952,福利厚生費支払,
2025/09/28,地代家賃,,350000,0,地代家賃支払,管理部
2025/09/28,普通預金,,0,350000,地代家賃支払,
2025/09/28,水道光熱費,,53901,0,水道光熱費支払,管理部
2025/09/28,普通預金,,0,53901,水道光熱費支払,
2025/09/28,通信費,,41626,0,通信費支払,管理部
2025/09/28,普通預金,,0,41626,通信費支払,
2025/09/28,消耗品費,,36931,0,消耗品費支払,管理部
2025/09/28,普通預金,,0,36931,消耗品費支払,
2025/09/28,旅費交通費,,52304,0,旅費交通費支払,管理部
2025/09/28,普通預金,,0,52304,旅費交通費支払,
2025/09/28,接待交際費,,38327,0,接待交際費支払,管理部
2025/09/28,普通預金,,0,38327,接待交際費支払,
2025/09/28,支払手数料,,34534,0,支払手数料支払,管理部
2025/09/28,普通預金,,0,34534,支払手数料支払,
2025/09/28,保険料,,25000,0,保険料支払,管理部
2025/09/28,普通預金,,0,25000,保険料支払,
2025/09/28,減価償却費,,120000,0,減価償却費支払,管理部
2025/09/28,普通預金,,0,120000,減価償却費支払,
2025/09/28,租税公課,,19052,0,租税公課支払,管理部
2025/09/28,普通預金,,0,19052,租税公課支払,
2025/09/28,広告宣伝費,,137589,0,広告宣伝費支払,管理部
2025/09/28,普通預金,,0,137589,広告宣伝費支払,
2025/09/28,荷造運賃,,30332,0,荷造運賃支払,管理部
2025/09/28,普通預金,,0,30332,荷造運賃支払,
2025/09/28,雑費,,13464,0,雑費支払,管理部
2025/09/28,普通預金,,0,13464,雑費支払,
2025/09/26,支払利息,,45000,0,借入金利息,
2025/09/26,普通預金,,0,45000,借入金利息,
2025/09/20,長期借入金,,200000,0,長期借入金返済,
2025/09/20,普通預金,,0,200000,長期借入金返済,
2025/10/04,売上高,,0,12883812,10月売上計上,営業部
2025/10/04,売掛金,,12883812,0,10月売上計上,営業部
2025/10/27,普通預金,,11666518,0,売掛金回収,
2025/10/27,売掛金,,0,11666518,売掛金回収,
2025/10/08,仕入高,,7395725,0,10月仕入,
2025/10/08,買掛金,,0,7395725,10月仕入,
2025/10/28,買掛金,,6413766,0,買掛金支払,
2025/10/28,普通預金,,0,6413766,買掛金支払,
2025/10/25,役員報酬,,800000,0,役員報酬支払,管理部
2025/10/25,普通預金,,0,800000,役員報酬支払,
2025/10/25,給料手当,,1398640,0,給料手当支払,管理部
2025/10/25,普通預金,,0,1398640,給料手当支払,
2025/10/25,法定福利費,,323193,0,法定福利費支払,管理部
2025/10/25,普通預金,,0,323193,法定福利費支払,
2025/10/25,福利厚生費,,44522,0,福利厚生費支払,管理部
2025/10/25,普通預金,,0,44522,福利厚生費支払,
2025/10/25,地代家賃,,350000,0,地代家賃支払,管理部
2025/10/25,普通預金,,0,350000,地代家賃支払,
2025/10/25,水道光熱費,,66502,0,水道光熱費支払,管理部
2025/10/25,普通預金,,0,66502,水道光熱費支払,
2025/10/25,通信費,,37972,0,通信費支払,管理部
2025/10/25,普通預金,,0,37972,通信費支払,
2025/10/25,消耗品費,,40067,0,消耗品費支払,管理部
2025/10/25,普通預金,,0,40067,消耗品費支払,
2025/10/25,旅費交通費,,73513,0,旅費交通費支払,管理部
2025/10/25,普通預金,,0,73513,旅費交通費支払,
2025/10/25,接待交際費,,58112,0,接待交際費支払,管理部
2025/10/25,普通預金,,0,58112,接待交際費支払,
2025/10/25,支払手数料,,27092,0,支払手数料支払,管理部
2025/10/25,普通預金,,0,27092,支払手数料支払,
2025/10/25,保険料,,25000,0,保険料支払,管理部
2025/10/25,普通預金,,0,25000,保険料支払,
2025/10/25,減価償却費,,120000,0,減価償却費支払,管理部
2025/10/25,普通預金,,0,120000,減価償却費支払,
2025/10/25,租税公課,,25507,0,租税公課支払,管理部
2025/10/25,普通預金,,0,25507,租税公課支払,
2025/10/25,広告宣伝費,,137249,0,広告宣伝費支払,管理部
2025/10/25,普通預金,,0,137249,広告宣伝費支払,
2025/10/25,荷造運賃,,47397,0,荷造運賃支払,管理部
2025/10/25,普通預金,,0,47397,荷造運賃支払,
2025/10/25,雑費,,10632,0,雑費支払,管理部
2025/10/25,普通預金,,0,10632,雑費支払,
2025/10/28,支払利息,,45000,0,借入金利息,
2025/10/28,普通預金,,0,45000,借入金利息,
2025/10/25,長期借入金,,200000,0,長期借入金返済,
2025/10/25,普通預金,,0,200000,長期借入金返済,
2025/11/03,売上高,,0,14225773,11月売上計上,営業部
2025/11/03,売掛金,,14225773,0,11月売上計上,営業部
2025/11/27,普通預金,,12477306,0,売掛金回収,
2025/11/27,売掛金,,0,12477306,売掛金回収,
2025/11/02,仕入高,,8181816,0,11月仕入,
2025/11/02,買掛金,,0,8181816,11月仕入,
2025/11/26,買掛金,,6932716,0,買掛金支払,
2025/11/26,普通預金,,0,6932716,買掛金支払,
2025/11/26,役員報酬,,800000,0,役員報酬支払,管理部
2025/11/26,普通預金,,0,800000,役員報酬支払,
2025/11/26,給料手当,,1456472,0,給料手当支払,管理部
2025/11/26,普通預金,,0,1456472,給料手当支払,
2025/11/26,法定福利費,,311764,0,法定福利費支払,管理部
2025/11/26,普通預金,,0,311764,法定福利費支払,
2025/11/26,福利厚生費,,78405,0,福利厚生費支払,管理部
2025/11/26,普通預金,,0,78405,福利厚生費支払,
2025/11/26,地代家賃,,350000,0,地代家賃支払,管理部
2025/11/26,普通預金,,0,350000,地代家賃支払,
2025/11/26,水道光熱費,,71732,0,水道光熱費支払,管理部
2025/11/26,普通預金,,0,71732,水道光熱費支払,
2025/11/26,通信費,,39060,0,通信費支払,管理部
2025/11/26,普通預金,,0,39060,通信費支払,
2025/11/26,消耗品費,,58639,0,消耗品費支払,管理部
2025/11/26,普通預金,,0,58639,消耗品費支払,
2025/11/26,旅費交通費,,79820,0,旅費交通費支払,管理部
2025/11/26,普通預金,,0,79820,旅費交通費支払,
2025/11/26,接待交際費,,54382,0,接待交際費支払,管理部
2025/11/26,普通預金,,0,54382,接待交際費支払,
2025/11/26,支払手数料,,34555,0,支払手数料支払,管理部
2025/11/26,普通預金,,0,34555,支払手数料支払,
2025/11/26,保険料,,25000,0,保険料支払,管理部
2025/11/26,普通預金,,0,25000,保険料支払,
2025/11/26,減価償却費,,120000,0,減価償却費支払,管理部
2025/11/26,普通預金,,0,120000,減価償却費支払,
2025/11/26,租税公課,,19273,0,租税公課支払,管理部
2025/11/26,普通預金,,0,19273,租税公課支払,
2025/11/26,広告宣伝費,,70757,0,広告宣伝費支払,管理部
2025/11/26,普通預金,,0,70757,広告宣伝費支払,
2025/11/26,荷造運賃,,57283,0,荷造運賃支払,管理部
2025/11/26,普通預金,,0,57283,荷造運賃支払,
2025/11/26,雑費,,8180,0,雑費支払,管理部
2025/11/26,普通預金,,0,8180,雑費支払,
2025/11/27,支払利息,,45000,0,借入金利息,
2025/11/27,普通預金,,0,45000,借入金利息,
2025/11/21,長期借入金,,200000,0,長期借入金返済,
2025/11/21,普通預金,,0,200000,長期借入金返済,
2025/12/03,売上高,,0,14454922,12月売上計上,営業部
2025/12/03,売掛金,,14454922,0,12月売上計上,営業部
2025/12/20,普通預金,,13310118,0,売掛金回収,
2025/12/20,売掛金,,0,13310118,売掛金回収,
2025/12/01,仕入高,,8133181,0,12月仕入,
2025/12/01,買掛金,,0,8133181,12月仕入,
2025/12/25,買掛金,,7181630,0,買掛金支払,
2025/12/25,普通預金,,0,7181630,買掛金支払,
2025/12/26,役員報酬,,800000,0,役員報酬支払,管理部
2025/12/26,普通預金,,0,800000,役員報酬支払,
2025/12/26,給料手当,,1632244,0,給料手当支払,管理部
2025/12/26,普通預金,,0,1632244,給料手当支払,
2025/12/26,法定福利費,,295059,0,法定福利費支払,管理部
2025/12/26,普通預金,,0,295059,法定福利費支払,
2025/12/26,福利厚生費,,30803,0,福利厚生費支払,管理部
2025/12/26,普通預金,,0,30803,福利厚生費支払,
2025/12/26,地代家賃,,350000,0,地代家賃支払,管理部
2025/12/26,普通預金,,0,350000,地代家賃支払,
2025/12/26,水道光熱費,,77621,0,水道光熱費支払,管理部
2025/12/26,普通預金,,0,77621,水道光熱費支払,
2025/12/26,通信費,,39317,0,通信費支払,管理部
2025/12/26,普通預金,,0,39317,通信費支払,
2025/12/26,消耗品費,,50762,0,消耗品費支払,管理部
2025/12/26,普通預金,,0,50762,消耗品費支払,
2025/12/26,旅費交通費,,61373,0,旅費交通費支払,管理部
2025/12/26,普通預金,,0,61373,旅費交通費支払,
2025/12/26,接待交際費,,48866,0,接待交際費支払,管理部
2025/12/26,普通預金,,0,48866,接待交際費支払,
2025/12/26,支払手数料,,26164,0,支払手数料支払,管理部
2025/12/26,普通預金,,0,26164,支払手数料支払,
2025/12/26,保険料,,25000,0,保険料支払,管理部
2025/12/26,普通預金,,0,25000,保険料支払,
2025/12/26,減価償却費,,120000,0,減価償却費支払,管理部
2025/12/26,普通預金,,0,120000,減価償却費支払,
2025/12/26,租税公課,,16041,0,租税公課支払,管理部
2025/12/26,普通預金,,0,16041,租税公課支払,
2025/12/26,広告宣伝費,,63542,0,広告宣伝費支払,管理部
2025/12/26,普通預金,,0,63542,広告宣伝費支払,
2025/12/26,荷造運賃,,38273,0,荷造運賃支払,管理部
2025/12/26,普通預金,,0,38273,荷造運賃支払,
2025/12/26,雑費,,19118,0,雑費支払,管理部
2025/12/26,普通預金,,0,19118,雑費支払,
2025/12/28,支払利息,,45000,0,借入金利息,
2025/12/28,普通預金,,0,45000,借入金利息,
2025/12/20,長期借入金,,200000,0,長期借入金返済,
2025/12/20,普通預金,,0,200000,長期借入金返済,
2026/01/04,売上高,,0,16252579,1月売上計上,営業部
2026/01/04,売掛金,,16252579,0,1月売上計上,営業部
2026/01/27,普通預金,,13935094,0,売掛金回収,
2026/01/27,売掛金,,0,13935094,売掛金回収,
2026/01/01,仕入高,,9961930,0,1月仕入,
2026/01/01,買掛金,,0,9961930,1月仕入,
2026/01/26,買掛金,,8192488,0,買掛金支払,
2026/01/26,普通預金,,0,8192488,買掛金支払,
2026/01/27,役員報酬,,800000,0,役員報酬支払,管理部
2026/01/27,普通預金,,0,800000,役員報酬支払,
2026/01/27,給料手当,,1394018,0,給料手当支払,管理部
2026/01/27,普通預金,,0,1394018,給料手当支払,
2026/01/27,法定福利費,,316433,0,法定福利費支払,管理部
2026/01/27,普通預金,,0,316433,法定福利費支払,
2026/01/27,福利厚生費,,37762,0,福利厚生費支払,管理部
2026/01/27,普通預金,,0,37762,福利厚生費支払,
2026/01/27,地代家賃,,350000,0,地代家賃支払,管理部
2026/01/27,普通預金,,0,350000,地代家賃支払,
2026/01/27,水道光熱費,,76573,0,水道光熱費支払,管理部
2026/01/27,普通預金,,0,76573,水道光熱費支払,
2026/01/27,通信費,,43637,0,通信費支払,管理部
2026/01/27,普通預金,,0,43637,通信費支払,
2026/01/27,消耗品費,,59735,0,消耗品費支払,管理部
2026/01/27,普通預金,,0,59735,消耗品費支払,
2026/01/27,旅費交通費,,69067,0,旅費交通費支払,管理部
2026/01/27,普通預金,,0,69067,旅費交通費支払,
2026/01/27,接待交際費,,34790,0,接待交際費支払,管理部
2026/01/27,普通預金,,0,34790,接待交際費支払,
2026/01/27,支払手数料,,32123,0,支払手数料支払,管理部
2026/01/27,普通預金,,0,32123,支払手数料支払,
2026/01/27,保険料,,25000,0,保険料支払,管理部
2026/01/27,普通預金,,0,25000,保険料支払,
2026/01/27,減価償却費,,120000,0,減価償却費支払,管理部
2026/01/27,普通預金,,0,120000,減価償却費支払,
2026/01/27,租税公課,,22464,0,租税公課支払,管理部
2026/01/27,普通預金,,0,22464,租税公課支払,
2026/01/27,広告宣伝費,,122134,0,広告宣伝費支払,管理部
2026/01/27,普通預金,,0,122134,広告宣伝費支払,
2026/01/27,荷造運賃,,59769,0,荷造運賃支払,管理部
2026/01/27,普通預金,,0,59769,荷造運賃支払,
2026/01/27,雑費,,12253,0,雑費支払,管理部
2026/01/27,普通預金,,0,12253,雑費支払,
2026/01/27,支払利息,,42500,0,借入金利息,
2026/01/27,普通預金,,0,42500,借入金利息,
2026/01/24,長期借入金,,200000,0,長期借入金返済,
2026/01/24,普通預金,,0,200000,長期借入金返済,
2026/02/03,売上高,,0,17392515,2月売上計上,営業部
2026/02/03,売掛金,,17392515,0,2月売上計上,営業部
2026/02/20,普通預金,,15843939,0,売掛金回収,
2026/02/20,売掛金,,0,15843939,売掛金回収,
2026/02/04,仕入高,,10853084,0,2月仕入,
2026/02/04,買掛金,,0,10853084,2月仕入,
2026/02/26,買掛金,,9113301,0,買掛金支払,
2026/02/26,普通預金,,0,9113301,買掛金支払,
2026/02/25,役員報酬,,800000,0,役員報酬支払,管理部
2026/02/25,普通預金,,0,800000,役員報酬支払,
2026/02/25,給料手当,,1436224,0,給料手当支払,管理部
2026/02/25,普通預金,,0,1436224,給料手当支払,
2026/02/25,法定福利費,,315211,0,法定福利費支払,管理部
2026/02/25,普通預金,,0,315211,法定福利費支払,
2026/02/25,福利厚生費,,41391,0,福利厚生費支払,管理部
2026/02/25,普通預金,,0,41391,福利厚生費支払,
2026/02/25,地代家賃,,350000,0,地代家賃支払,管理部
2026/02/25,普通預金,,0,350000,地代家賃支払,
2026/02/25,水道光熱費,,76175,0,水道光熱費支払,管理部
2026/02/25,普通預金,,0,76175,水道光熱費支払,
2026/02/25,通信費,,32459,0,通信費支払,管理部
2026/02/25,普通預金,,0,32459,通信費支払,
2026/02/25,消耗品費,,30258,0,消耗品費支払,管理部
2026/02/25,普通預金,,0,30258,消耗品費支払,
2026/02/25,旅費交通費,,30175,0,旅費交通費支払,管理部
2026/02/25,普通預金,,0,30175,旅費交通費支払,
2026/02/25,接待交際費,,46772,0,接待交際費支払,管理部
2026/02/25,普通預金,,0,46772,接待交際費支払,
2026/02/25,支払手数料,,29762,0,支払手数料支払,管理部
2026/02/25,普通預金,,0,29762,支払手数料支払,
2026/02/25,保険料,,25000,0,保険料支払,管理部
2026/02/25,普通預金,,0,25000,保険料支払,
2026/02/25,減価償却費,,120000,0,減価償却費支払,管理部
2026/02/25,普通預金,,0,120000,減価償却費支払,
2026/02/25,租税公課,,29458,0,租税公課支払,管理部
2026/02/25,普通預金,,0,29458,租税公課支払,
2026/02/25,広告宣伝費,,124983,0,広告宣伝費支払,管理部
2026/02/25,普通預金,,0,124983,広告宣伝費支払,
2026/02/25,荷造運賃,,39543,0,荷造運賃支払,管理部
2026/02/25,普通預金,,0,39543,荷造運賃支払,
2026/02/25,雑費,,5534,0,雑費支払,管理部
2026/02/25,普通預金,,0,5534,雑費支払,
2026/02/26,支払利息,,42500,0,借入金利息,
2026/02/26,普通預金,,0,42500,借入金利息,
2026/02/22,長期借入金,,200000,0,長期借入金返済,
2026/02/22,普通預金,,0,200000,長期借入金返済,
2026/03/04,売上高,,0,17356297,3月売上計上,営業部
2026/03/04,売掛金,,17356297,0,3月売上計上,営業部
2026/03/21,普通預金,,15945898,0,売掛金回収,
2026/03/21,売掛金,,0,15945898,売掛金回収,
2026/03/10,仕入高,,11149530,0,3月仕入,
2026/03/10,買掛金,,0,11149530,3月仕入,
2026/03/26,買掛金,,9630638,0,買掛金支払,
2026/03/26,普通預金,,0,9630638,買掛金支払,
2026/03/26,役員報酬,,800000,0,役員報酬支払,管理部
2026/03/26,普通預金,,0,800000,役員報酬支払,
2026/03/26,給料手当,,1431486,0,給料手当支払,管理部
2026/03/26,普通預金,,0,1431486,給料手当支払,
2026/03/26,法定福利費,,318993,0,法定福利費支払,管理部
2026/03/26,普通預金,,0,318993,法定福利費支払,
2026/03/26,福利厚生費,,39321,0,福利厚生費支払,管理部
2026/03/26,普通預金,,0,39321,福利厚生費支払,
2026/03/26,地代家賃,,350000,0,地代家賃支払,管理部
2026/03/26,普通預金,,0,350000,地代家賃支払,
2026/03/26,水道光熱費,,44679,0,水道光熱費支払,管理部
2026/03/26,普通預金,,0,44679,水道光熱費支払,
2026/03/26,通信費,,31954,0,通信費支払,管理部
2026/03/26,普通預金,,0,31954,通信費支払,
2026/03/26,消耗品費,,30873,0,消耗品費支払,管理部
2026/03/26,普通預金,,0,30873,消耗品費支払,
2026/03/26,旅費交通費,,50159,0,旅費交通費支払,管理部
2026/03/26,普通預金,,0,50159,旅費交通費支払,
2026/03/26,接待交際費,,58996,0,接待交際費支払,管理部
2026/03/26,普通預金,,0,58996,接待交際費支払,
2026/03/26,支払手数料,,39541,0,支払手数料支払,管理部
2026/03/26,普通預金,,0,39541,支払手数料支払,
2026/03/26,保険料,,25000,0,保険料支払,管理部
2026/03/26,普通預金,,0,25000,保険料支払,
2026/03/26,減価償却費,,120000,0,減価償却費支払,管理部
2026/03/26,普通預金,,0,120000,減価償却費支払,
2026/03/26,租税公課,,28651,0,租税公課支払,管理部
2026/03/26,普通預金,,0,28651,租税公課支払,
2026/03/26,広告宣伝費,,98367,0,広告宣伝費支払,管理部
2026/03/26,普通預金,,0,98367,広告宣伝費支払,
2026/03/26,荷造運賃,,44390,0,荷造運賃支払,管理部
2026/03/26,普通預金,,0,44390,荷造運賃支払,
2026/03/26,雑費,,7037,0,雑費支払,管理部
2026/03/26,普通預金,,0,7037,雑費支払,
2026/03/28,支払利息,,42500,0,借入金利息,
2026/03/28,普通預金,,0,42500,借入金利息,
2026/03/25,長期借入金,,200000,0,長期借入金返済,
2026/03/25,普通預金,,0,200000,長期借入金返済,
2026/03/28,法人税等,,1388503,0,法人税等計上,
2026/03/28,未払法人税等,,0,1388503,法人税等計上,
